rxn,P0.05,P0.11,P0.16,P0.22,P0.30,C0.05,C0.11,C0.16,C0.22,C0.30,N0.05,N0.11,N0.16,N0.22,N0.30,L0.05,L0.11,L0.16,L0.22,L0.30,U0.05,U0.11,U0.16,U0.22,U0.30
AASAD1,-0.112415087429406,-0.173146709778078,0.00880204231867362,0.28859211357609904,0.544750336365027,0.17945854953791,0.122403037773224,0.21277024729658398,0.382179698399552,0.541816243351101,-0.272575304571977,0.0274217884348994,-0.0333316301559775,0.195691262159228,0.5677849418351241,1.36808935535202,0.9731485117182851,0.9612396039830621,0.9623455948322329,0.759154850869539,-0.0470178055791332,0.814306921119004,1.03302031056882,0.824463272807619,0.0270676129002942
ACGKm,-0.287645096593971,-0.238595881243603,0.16906825338263898,0.508445558608886,0.994978119776818,0.6082595718053629,0.6870115093334879,0.26077789943256696,0.0413952027907525,0.253777532111834,0.872618256121648,1.07682795626682,0.980509606850764,0.903888529213285,1.07937751220241,2.49940147672655,2.09343966892819,1.8035223118209198,1.49390505873,0.808293817503644,0.695396890259286,0.989188817166692,1.00112073654149,0.990550213896365,0.434926625021666
ACHBSm,0.013710822022501751,-0.138344080889732,-0.12996778923908614,0.04278198904811725,0.08354915227963655,-0.16416594924167704,-0.1075189401850146,-0.23579468539574866,-0.19443447614654397,-0.3040600454430315,-0.5965677940331441,-0.593230404619875,-0.5469618993290349,-0.4723515882342565,-0.295503320416711,1.7552732174000851,1.3474355054486735,1.1264524877807836,0.6783511398765871,-0.06945334354149665,-0.482591846834454,0.0188323738488045,0.08921966397408446,-0.1530008084820331,-0.392571863538265
ACLSm,0.013710822022501751,-0.138344080889732,-0.12996778923908614,0.04278198904811725,0.08354915227963655,-0.16416594924167704,-0.1075189401850146,-0.23579468539574866,-0.19443447614654397,-0.3040600454430315,-0.5965677940331441,-0.593230404619875,-0.5469618993290349,-0.4723515882342565,-0.295503320416711,1.7552732174000851,1.3474355054486735,1.1264524877807836,0.6783511398765871,-0.06945334354149665,-0.482591846834454,0.0188323738488045,0.08921966397408446,-0.1530008084820331,-0.392571863538265
ACOAH,-0.18362270296359698,-0.591606588838974,-0.9836651324293472,-1.56430654537114,-2.14676568309803,0.865263805494826,0.29013514292688397,1.2812234094845902,1.5343686258165903,0.526759943303834,-0.5811418664070289,-1.2103275040838999,-1.19585839123344,-1.6493617720538702,-1.93373327043767,-1.24486205187905,-2.19447489353123,-1.89271684201405,-2.04410704467927,-1.9260046327418203,-0.5868969303983199,-0.156818072552516,-1.35495304854651,-1.28371952506859,-1.5232160430514499
ACONT,-0.0214605319997793,-0.0223767270461125,-0.398331475825516,-0.602386138989859,-0.0295741052836943,0.341540717221791,0.357035607318336,0.63515184961416,0.38760352717786295,0.0401231551096874,-0.419966379196999,-0.309949653436647,-0.410648287880054,-0.591458421545679,-0.180401624770244,-1.2177719502671398,-0.561342460603225,-0.9535412922793721,-0.547993892112989,0.25984461135089004,-0.28411607974871805,0.0193648881194916,0.44266455485937395,0.156594906565444,0.0135316264156981
ACONTm,-0.033113811615893746,0.08849920897635825,-0.022631135679843484,-0.04112170950944455,0.33787456728085435,-0.10087042700996046,0.2126623809545832,0.3770053121882129,0.18224472553538454,0.2289283254408702,-0.394562776073828,-0.18933226175982806,-0.21230046269476588,-0.15992101552320198,0.15653208388454798,-0.498374389390188,-0.014052878839669491,-0.3911876555275415,-0.1193401066000345,0.389543104396249,-0.12651606267597598,0.2605103096942763,0.629871477180801,0.388296967653494,0.2785857623232725
ACOTAim,-0.132581034616172,0.0060453600829574105,0.551598232054599,0.46458982403489796,1.3525273033268899,0.8551087031390121,0.7003205432219369,0.5739657317077621,-0.0376510943771409,0.00599466732010848,0.7549522315630841,0.7411155061944441,0.793359436106167,0.5488980823220689,1.23405243203155,2.54287639550284,1.94930327800548,2.13300831453905,1.5353689238234198,1.1722276513664398,0.7288521956197779,1.2226874425121101,1.28791709000622,0.999639865567815,0.49613615065065003
ACS,0.142396328507849,0.310034014638149,0.373202292476406,0.352509139429869,0.438409570179601,-0.49706061440931393,-0.177340842677492,0.203771498904126,0.27420993957287504,0.35361934437577797,0.19846416537791897,0.699996211623252,0.8392093809340601,0.597608721368826,0.518206678039193,0.657753141640627,0.778855237284628,0.814045892335697,0.716211079068337,0.775241399241095,-0.26409739214979605,0.4207845690548859,0.634422449591666,0.41469093396444606,0.882049458031428
ACSm,-0.141964896245603,0.0786102125384785,0.0691236758078393,-0.446552177780471,0.0265575241725042,3.74597301127988,3.23629758530573,2.53887978684151,0.504359958062225,0.31906886226389597,-0.15956561609789,0.341030315730119,0.47673527303726504,0.42082561944271707,0.0145120234783708,0.489992295613844,0.38711903578267404,0.605733829757004,0.6596002070694829,0.283160584253615,-0.17801303278598998,0.215822915003597,0.34076793111500503,0.2233174113059,0.5270595794641649
ADK1,0.0865350356766406,-0.10639298739885401,-0.20490874093531602,-0.13887958415339002,-0.0792235197510397,-0.220622886269353,-0.456058087351121,-0.36024259241902,-0.16219099174707002,-0.329913952640516,-0.114610514976517,-0.33566577638064005,-0.441844591353689,-0.344360725529998,-0.356993494112916,-0.0906998820078252,-0.4022661621370321,-0.183897745258803,-0.19502274899376396,-0.26136635555015403,-0.104817701862252,-0.28982886105016303,-0.19162033153945499,-0.29446275026505797,-0.18642579728740197
ADSK,0.12121787103188401,0.0268310272629845,0.134921595337487,0.9714579179499209,0.8203592052331311,0.8476216735218349,1.2386470838710901,1.18757916532539,1.18910390637748,1.4866285223923101,1.04932868459959,1.04963723293997,1.2543188542046297,1.60616509427649,1.4520280270962,1.4336858982336202,1.59811195210702,1.44174480467594,1.5970434126338402,1.6803464226815301,0.5924893461821229,0.787006707968287,1.1304089247325402,1.30517271926612,1.47788415056291
AGPRim,-0.287645096593971,-0.238595881243603,0.16906825338263898,0.508445558608886,0.994978119776818,0.6082595718053629,0.6870115093334879,0.26077789943256696,0.0413952027907525,0.253777532111834,0.872618256121648,1.07682795626682,0.980509606850764,0.903888529213285,1.07937751220241,2.49940147672655,2.09343966892819,1.8035223118209198,1.49390505873,0.808293817503644,0.695396890259286,0.989188817166692,1.00112073654149,0.990550213896365,0.434926625021666
AGTm,-0.0672955170679941,-0.20469183167803304,-0.204056837067733,-0.0172954073904789,0.00915943791231683,0.6998435050583629,1.72726567874882,1.10037305223151,1.48057094116806,0.332479084606527,0.8352200915933341,-0.39462497560146204,-0.0861962649941342,-0.5216512296654939,-0.434876559733755,0.582136302525294,-0.401896425097444,-0.292651064071121,-0.151221483899542,-1.01635753001903,0.0805923423784026,-0.0386107698160339,-0.4773854340814929,-0.463021402255242,-0.6526705527156811
AHSERL2,0.0106007223667843,0.0700240085515096,0.0625720464010981,0.146959756747828,0.39198917259185095,1.09647622133001,1.2155768123455,1.16264096900609,1.20449492806212,0.93648461605847,0.677806794135648,1.1970154802008899,1.3222967908840702,0.93765498353221,0.912989005035855,1.3204405014038503,1.4627922989361701,1.28205003545774,1.1768862349249298,0.9100661233117572,0.39220339844307,0.44908903968291497,0.720941094822735,0.6830452895976199,0.832166115978527
AKGDam,-0.15884578447556197,-0.23420077700954,-0.381466008461922,-0.6723204307179129,-1.021189762860729,0.4275250059236427,0.3688572482273067,0.5865692396981653,0.8990783983160956,0.21534900419986566,-0.3322261997755813,-0.4797420597248787,-0.4601815856830977,-1.003558560969506,-0.9628775066667532,-0.4996468073020497,-0.8894769013256894,-1.1195160518227658,-1.1448415206341875,-1.2259423859073542,-0.29164853916564804,-0.6474727848116489,-0.775391211097614,-0.9381474530549588,-1.0150519060749827
ALATA_Lm,-0.37165082549409,-0.8843871716522109,-0.5315691964019961,-0.947394382445864,0.0813593783235381,0.40723977665887495,0.31661210816114,0.384016691636433,-0.0495911079933274,-0.405611533384019,-0.37187256086757003,0.0146519280118448,-0.0286451909683809,0.358020733020703,0.48137256298041603,1.9281803206993402,1.4328049886156597,1.64076962508122,1.5015420403533,-0.537555447932036,-0.39968546484671996,0.6219492974075451,-0.0861184237163693,0.10636148852291802,0.0577949422675852
ALCD2m,0.0522032878239684,-0.12490043640202801,-0.0767227402781346,-0.263272755953192,0.0165619501823096,-0.722433082796925,-0.795729476387018,-0.600748365048387,-0.668418743579823,-0.787583270965009,-0.6503285825452509,-0.4115826466888689,-0.511757236845405,-0.422166623572909,-0.0698041183493697,0.270831991448247,0.135140787854333,0.369727945631319,0.18522202678429897,-0.0351302895288418,-0.15402199094686098,0.253723654956587,-0.18941600342991896,-0.0953922093333978,-0.0253995179238245
ALCD2x,0.012479015269680923,-0.28673921277090425,-0.306958361433077,-0.5460061407344465,-0.44158782527824825,-0.49512541252298997,-0.5787745592647877,-0.5297750951497608,-1.2633873873523125,-1.383127685752927,-0.759215909120149,-0.6643219149122744,-0.7199073808110438,-0.8643417232577022,-0.5682569397982923,-0.9196479898942282,-0.6093949675740763,-0.5026719255604992,-0.4526918293654078,-0.6634120350354354,-1.3294904557375296,-1.004168973862279,-0.9637572206805411,-0.8881855882982137,-0.7438662473327298
ALDD2xm,-0.191332173384901,-0.5584532610998629,-0.744218170644288,-0.60058714075079,-0.13809449760489198,4.625620179377139,4.51525838552173,4.31274390733813,2.47825564744957,2.1112187137556,1.6340159201544397,1.54287675115532,1.5882652411699798,0.7572960436625681,0.91797299465889,-0.16167311180393398,0.18373316482913,-0.27379828313197896,0.155964713812562,0.333350019569512,0.230963757160702,0.569082577980369,-0.23221606632686398,0.28218187703748104,0.904313240512345
ALDD2y,-0.0436098504493702,0.128312246526622,0.544417922997448,0.8197453640313961,1.3618838459865201,0.00533592553238635,0.0556409794093951,0.26562692458782,-0.42373006446048295,-0.0162887784804013,-0.0481492955154655,0.283115987187044,0.334184482982146,0.662604283039021,1.0565205613772801,-1.02094502243234,0.629587140872443,0.115029855312656,0.9883224987241921,1.4504004534668002,-1.25156147051772,-0.19972503907261302,-0.0384314581504838,0.575285448907079,1.24553112608141
ALDD2ym,-0.191332173384901,-0.5584532610998629,-0.744218170644288,-0.60058714075079,-0.13809449760489198,4.625620179377139,4.51525838552173,4.31274390733813,2.47825564744957,2.1112187137556,1.6340159201544397,1.54287675115532,1.5882652411699798,0.7572960436625681,0.91797299465889,-0.16167311180393398,0.18373316482913,-0.27379828313197896,0.155964713812562,0.333350019569512,0.230963757160702,0.569082577980369,-0.23221606632686398,0.28218187703748104,0.904313240512345
ANPRT,-0.126730097053505,0.13813221543927898,0.0874759937205215,0.384437073301882,0.48963442805676505,-0.023731995323892998,0.275096393700055,0.366041180973332,-0.0246665435405395,0.27283113907956896,0.634583584676587,0.287206940870311,0.32994802969918796,0.8637470974816289,0.527451132231575,1.7205567307074199,1.3699393985185802,1.4392205172991699,0.888019474671876,0.438174827619543,-0.149266208968351,1.02177450287777,0.9466468384466329,0.570149701373088,-0.279782155615496
ANS,-0.0981213639233449,0.06976001415312401,0.14204328666380756,0.2753343395027095,0.4733843013583696,-0.09756486017108172,0.11558925500555713,-0.03287974431229198,-0.3063708733398928,-0.18784498734143548,-0.7029613743280201,0.05682818496365381,-0.08091060285037326,-0.05422078488650305,0.071581647285901,1.53146529795847,1.1238979929123245,1.0531705612041349,0.7024301360203811,0.1814583770564765,0.13247480412999002,0.5405828830756211,0.68311325684083,0.32125655682057397,0.08240531218605526
ARGSL,-0.00788952445285182,0.0063875203869740394,-0.063082504727105,0.265465017153973,0.471741540004185,-0.18697826263998496,0.0732318005025923,0.0160464123025355,0.0107068501830546,0.216547807485685,-0.11531511440346198,0.35134839455258304,0.26276088062122605,0.33735695355778195,0.5835904226964879,2.04270328939051,1.6031246892917,1.4494071424836101,1.02180158382179,-0.056698868971205,1.20955991187129,1.44411507527488,0.9140364775482959,0.990812264687947,0.976607556762777
ARGSSr,-0.2638516522692,-0.416609036229676,-0.0170139934411164,0.0293769302356064,1.09101878953557,-1.0056692039533899,-0.87113451023114,-1.3204680937258602,-1.0301986650811399,-1.2113580660818302,0.355779884632349,0.46987299253724607,0.246152363048464,0.0960515032817184,0.512275016376388,1.82187485501704,1.82861581280301,1.8535103151929502,1.27462288976448,0.183561957874857,0.106197643654557,1.0841409868119398,0.8907982895369649,0.7670075253415101,-0.11825393451133599
ASADi,-0.0554071913060858,-0.0101264482590674,0.138861736288977,0.359499732176314,0.349264505687706,0.0237093916035638,0.17921334084770496,0.119346154258242,0.18254854730130898,0.11879095450430001,-0.564967873784916,-0.36277235586854495,-0.356304168872836,-0.137358326075039,0.0255941934401414,1.94137263119302,1.4882860095133001,1.4731012386443303,1.0130946296107,0.200239105239388,-0.452160351186193,0.258268785043282,0.6012141916131729,0.0727231892436501,-0.149215712880309
ASNS1,0.12712487483707952,-0.0540350991267315,-0.029439107444673512,0.24823991865242506,0.948851944508356,-0.6923158974286809,-0.489591947368809,-0.678296033892475,-0.40680098582210544,-0.3547893714809075,-0.6178955089050215,-0.4533398635580075,-0.4493273514856289,0.14451425192901945,0.534193231388442,1.920289474964075,1.5186759560310399,1.43598233584729,1.077329527474265,0.6366361722818211,-0.3415095774017555,0.4144804223628945,0.887147202004703,0.39700204123453603,0.13585511391605098
ASPKi,0.0222072179034973,-0.270561131215288,-0.284964175794489,-0.24839888455291398,-0.479828892009299,-0.6742994424151629,-0.65843361837129,-0.6818839760607099,-0.5093607182964529,-0.72039703269145,-1.14312401260472,-1.5489304279138,-1.5051828737287098,-1.2350812539206102,-0.7401163981894009,0.8364382050761201,0.329097770530538,0.225503910753786,-0.0724678131963137,-0.805576010475923,-0.757567309625971,-0.538569827972311,-0.325927952025913,-0.672811543961329,-0.99386107793852
ASPTA,0.0802258703183863,0.24226915600783802,0.20398066584313798,0.39335250562287005,0.7112502035795921,0.0897475944207372,0.43550198404479995,0.547818421730751,0.312341302598599,0.266682480677439,-0.0346397300176225,0.346780430879978,0.204378190255152,0.17996072019949,0.49741031801326796,0.9206569282004449,1.12491633141505,1.1883303835419698,1.03695558934387,0.755261761373693,-0.18733716569089004,0.501093831993582,1.06988702475655,0.6715060726646049,0.35547591766292297
ATPPRT,0.0906002278191035,0.0776982349426394,0.164712286230887,0.48265406844570397,0.621138821035624,-1.75756260836883,-1.33526429111424,-1.1635834827203002,-0.915584579049038,-0.503589664488471,-1.05716127084441,-0.798731001897271,-0.664108348976951,-0.20834476508544397,0.0536207305686865,0.7505647297203921,0.5203481758749621,0.580795990460586,0.257559685446262,-0.0634382327740127,-1.03223233218979,-0.312071381339794,0.271680478187609,0.0186788681319652,-0.0773950887359666
ATPS,0.11276204916773765,0.12232321187561836,0.142632159768704,-0.02936879855766537,-0.0714326362602097,-1.8109992221689952,-1.40351603492341,-1.384772583359195,-0.8042059222706529,-0.601990263850984,-0.16875843805902288,-0.1699068500735305,-0.2588128916493075,-0.5044561444878929,-0.30494220440542197,-0.1565721656906105,-0.009320933107144852,-0.11465051123036901,-0.2204828519607588,-0.22096445757241398,-0.19049410246623166,-0.209341041767795,-0.3163469111416655,-0.154264519547965,-1.08092187650086
ATPS3m,-0.09737348795524978,-0.13669325910070507,-0.30483897859122805,-0.518406193930564,-1.2060783026441868,0.5918772938261179,0.4914444378421222,0.622903974995658,0.8992639011613854,0.38339163356661865,-0.4068249694013309,-0.5808612909077157,-0.5864288601654151,-0.9452499046667744,-1.2430198180223826,-0.6335470704786594,-1.1274152573552738,-1.3622039400486767,-1.5453619601331363,-1.5068230519080354,-0.12846713759579656,-0.7446322033470714,-1.14660583311979,-1.1049565626390665,-1.1397360558251208
BPNT,0.027092861268857002,-0.130840890393156,-0.0770566095696039,0.11725267076683699,0.357336210688331,-0.49926802397346104,-0.5855748540342111,-0.702991411194824,-0.543495195812114,0.0745495792804347,0.0114199576495215,0.10443747893153399,-0.0172980636901999,0.133332645959555,0.395025466418209,1.41675470160407,0.885612640345494,1.05487733898196,0.6098558657921761,0.331578803161359,-0.414602719341158,-0.0592216519648871,0.25164202182546697,0.10334667854424401,0.380872759446007
CBPS,0.1855741900623576,0.286330522110529,-0.016727982446701983,0.3676244767326735,1.316685555595131,-0.06610615088822902,0.11056094669820928,0.4129876472702129,0.5313148894720955,1.056259660396316,-0.421259497410965,0.0620609982752598,-0.217730628506638,0.424222782286791,1.073323216473003,0.468965937873388,0.6383587947209574,0.247281471246721,0.3771164446659585,0.4804107910015246,-0.4663411609752296,0.4163762413155945,0.382849346162633,0.6216217114990266,0.7969157321413951
CHORS,0.102436140640621,0.11932421583626,0.150709488812945,0.436497889571723,0.323400073837888,-0.637132510296638,-0.277163597542938,-0.330360863509991,-0.359209870599295,-0.293528537786092,-1.0135617352750799,-0.6833441815098399,-0.555571038685573,-0.291174362712177,0.0390460862936856,1.1814010316026298,0.823206529491006,0.7144015103597571,0.46080924518740507,0.0360031675596839,-0.654029435036384,-0.168635895372709,0.181766903440351,-0.0844569500072537,-0.031703152446181
CITtam,0.14536200581788097,0.503555916422313,0.995969945104212,1.1150260703051398,1.3316187819790901,0.444829875277925,1.2322969227668898,1.06414670658721,1.4803461067259398,1.13085956844174,-0.0742184477248657,0.472702861705501,0.540354897215759,1.1700672646688102,1.12335278123284,0.30651025553297306,0.891995142119152,1.42971921413282,1.06220299834263,1.06260997277916,0.299648191163651,-0.12423963348063001,-0.0147696996573761,0.482780694693709,0.9613098835493571
CITtcm,0.14536200581788097,0.503555916422313,0.995969945104212,1.1150260703051398,1.3316187819790901,0.444829875277925,1.2322969227668898,1.06414670658721,1.4803461067259398,1.13085956844174,-0.0742184477248657,0.472702861705501,0.540354897215759,1.1700672646688102,1.12335278123284,0.30651025553297306,0.891995142119152,1.42971921413282,1.06220299834263,1.06260997277916,0.299648191163651,-0.12423963348063001,-0.0147696996573761,0.482780694693709,0.9613098835493571
CSc,-0.6261035526162001,-0.7491980584934659,-0.8568184380225861,-1.0757792867489215,-1.1733892910447326,-1.27629209108259,-1.3378275264704893,-0.7296777129205351,-0.5848747612956601,-0.8673838128792704,-1.393666998418088,-1.3461736856665405,-1.4484878863305926,-1.232680341887967,-1.0714840605578555,-1.4845479262238133,-1.394967855436005,-1.3980549010786452,-1.29323246249582,-1.2606253879380125,-1.0748154773569634,-0.8312502332739076,-1.2834555461432056,-0.9235664426521064,-1.0774449976471443
CSm,-0.6261035526162001,-0.7491980584934659,-0.8568184380225861,-1.0757792867489215,-1.1733892910447326,-1.27629209108259,-1.3378275264704893,-0.7296777129205351,-0.5848747612956601,-0.8673838128792704,-1.393666998418088,-1.3461736856665405,-1.4484878863305926,-1.232680341887967,-1.0714840605578555,-1.4845479262238133,-1.394967855436005,-1.3980549010786452,-1.29323246249582,-1.2606253879380125,-1.0748154773569634,-0.8312502332739076,-1.2834555461432056,-0.9235664426521064,-1.0774449976471443
CYOOm,0.07533088183663109,0.07837027423544166,-0.06183412152071115,-0.4971512020108942,-1.2804604856585016,1.0860023266769083,0.8626158790548109,0.9613244853960324,1.163523848727469,0.6758822170954674,0.4786930270913242,0.06956607390967788,0.1174245839815152,-0.9251284430855656,-1.0195656800888124,-0.9935466466338624,-1.522445686680442,-1.857766487044172,-1.7553734269946661,-1.4544740004717482,-0.19807294469917647,-0.8775865598669735,-1.3636248338041923,-0.9681155227212996,-1.1550688253323134
CYOR_u6m,-0.024368528400963863,-0.2247243325832692,-0.4693196542131801,-0.8244074891669484,-1.6860502595462743,0.5795448410660736,0.5758702562078478,0.7116357265931235,0.9304163794976871,0.4580966631180308,-0.19146008813091625,-0.4816293854296274,-0.5017335982188647,-1.0659344501925363,-1.316318013445684,-0.6396603570229945,-1.1474373545327885,-1.8899329582833682,-1.6644951102534702,-1.678382786247814,-0.27572753358682944,-0.8800510544801678,-1.64803678076434,-1.0963484098734295,-1.1992287207295258
CYSTGL,-0.0269406755449147,0.152620278463426,0.266508956462548,0.32436021300281703,0.366614864927084,-0.5551262517497281,-0.0386031935361108,0.13658674538864699,0.108889252040113,0.41635415607993104,0.0419041448183797,0.53137824728397,0.672965018465107,0.7360865255691421,0.712219248212357,0.504863479456118,0.666390967237678,0.7524416673073149,0.8084441266579809,0.750037732740078,0.9153697642015229,0.519254802214519,0.8323792684299,0.8613553845807901,0.8655215300515309
CYSTS,-0.0730433126267202,-0.0525562278798892,0.0460860411694446,-0.0377204122658049,-0.117817640953409,-0.0318520180202619,0.0262065483372015,-0.0232819749230961,0.27355072577479395,0.267645420471267,0.9537672783866049,1.02279930806817,1.10297355811741,0.5443745067061729,0.448959661667502,0.435178336995586,0.483297720560029,0.520528487501679,0.438571996201291,0.516576122666943,0.369573254277206,0.0256029729243577,0.146721432908555,0.21121113766586497,0.414117923438925
DDPA,-0.039332580745685686,-0.2426961917563055,-0.21787172980209302,-0.0221533972888604,-0.4130357493265275,-0.5858814426377249,-0.5091689399946501,-0.658533282657614,-0.8278816065002461,-0.9381905817922388,-0.9172926369597044,-0.8257814258605646,-0.7832303292450186,-0.9061284878678024,-0.647790677656905,1.362911545452125,0.958806951570288,0.7964100438994771,0.2234511220277675,-0.4973425936168965,-0.8821726833206774,-0.30509860539107203,-0.10647009562578348,-0.618068441184177,-0.879715922339513
DHAD1m,0.0255285841503813,-0.0658795656437704,0.0266591802971174,0.10261132296473101,0.100431493235349,-0.24407851711714104,-0.0929526000424254,-0.0497832810756749,-0.3648384650970539,-0.211973622116885,-0.60614207804376,-0.763573813901935,-0.6843729649476539,-0.320163509840775,-0.0112724998125973,2.13315769409698,1.61884856447597,1.3070236374981101,0.9594826560516571,0.0835140267748257,-0.480631382380642,-0.0811906367899373,0.423476098071038,0.0171125475774169,-0.22435383638272896
DHAD2m,0.0255285841503813,-0.0658795656437704,0.0266591802971174,0.10261132296473101,0.100431493235349,-0.24407851711714104,-0.0929526000424254,-0.0497832810756749,-0.3648384650970539,-0.211973622116885,-0.60614207804376,-0.763573813901935,-0.6843729649476539,-0.320163509840775,-0.0112724998125973,2.13315769409698,1.61884856447597,1.3070236374981101,0.9594826560516571,0.0835140267748257,-0.480631382380642,-0.0811906367899373,0.423476098071038,0.0171125475774169,-0.22435383638272896
DHQS,-0.0980323682542098,-0.0312266630858051,-0.0057372139260221,0.107328367913456,0.30159380902791905,-0.142552101009036,-0.0884091718107087,0.0618243028859864,0.0720760077862643,0.0436300677257918,-0.9056729662666121,-0.523829848340743,-0.41121788559252004,-0.008257029859086391,0.22520854271982896,1.0630425693256,0.8821930729956441,0.8454813204453442,0.6562541649261129,0.293490122342674,-0.36885941761045,0.516731802195397,0.4565698770968579,0.259682202964908,0.12812918108334198
DHQTi,-0.0980323682542098,-0.0312266630858051,-0.0057372139260221,0.107328367913456,0.30159380902791905,-0.142552101009036,-0.0884091718107087,0.0618243028859864,0.0720760077862643,0.0436300677257918,-0.9056729662666121,-0.523829848340743,-0.41121788559252004,-0.008257029859086391,0.22520854271982896,1.0630425693256,0.8821930729956441,0.8454813204453442,0.6562541649261129,0.293490122342674,-0.36885941761045,0.516731802195397,0.4565698770968579,0.259682202964908,0.12812918108334198
ENO,0.07261121172282856,0.3320938853954433,0.38126214031024,-0.016746602403867626,-0.141794548698541,-0.8089424370109609,-1.470557418539708,-1.8932722673185816,-1.4067708021818732,-1.573212105928368,-1.0602219374381645,-0.8534179413932916,-0.5480004009315483,-0.6303505950683806,-0.033883060627838545,-1.033545146633077,-1.3408357921141043,-0.4109750344766063,-0.32419288906904525,-0.804640871990274,-0.5456035135620636,-0.4632554629678017,-0.4954469548530909,-0.35258662133368895,-0.10273243433534776
FBA,0.0159435554348479,-0.3971714269270539,-0.42057051097284204,-0.636229063341775,-0.7657561969398821,-1.33277635796682,-1.53908215084294,-1.75652864117854,-1.9619462293585301,-1.97866395684028,-1.20089994125728,-1.56839399580901,-1.5701592614820803,-1.36899845964966,-1.07995910594574,-1.16161230262051,-0.8082788854250931,-0.931231375854298,-0.9582551078184691,-0.9492994512927879,-0.989633034370892,-1.07998599237828,-1.2195389664288,-1.04212821523949,-1.00773757123482
FBP,-1.27421847885143,-0.704515347133885,-0.554810125480725,-0.0147913642230754,0.216765637567126,-0.24057006590370397,-0.21831653892572797,-0.184714525918102,-0.16552596161522304,0.11886816007728901,-0.21661140056974,-0.39360980644198795,-0.230044240059407,0.0343857003325836,0.27453274669204997,-0.0527261357688991,-0.44072547904051507,0.0764026685217843,0.12734723335788098,0.35458022637030495,-1.04357806587736,-0.5129622982940729,0.183968803580168,-0.0366398072794805,-0.0300086480021464
FTHFL,0.0229716225749201,0.0503903853720016,0.14755903908597598,0.28913350616151096,0.563139855685556,-0.6136220228454928,-0.31291447504916,-0.27360686938104606,-0.352295129162739,-0.062220099327681,-0.6622246739415699,-0.22749661092718804,-0.0995652138247492,0.317468976674916,0.5447806924915141,0.7637754427750569,0.859178618372889,0.8989979280968459,0.820954448398059,0.79242589694674,0.949864238194743,1.0755743721846098,1.0463462966359498,0.986320374553475,0.7958304874751541
FUM,0.0117079811520884,-0.0060643252995128205,-0.0294658524521733,-0.0936028351762365,-0.0600525826887546,0.6545561798694189,0.333958772383719,0.787331182986216,0.7984486661602321,0.189939097156553,-0.186263108825156,-0.20560145707428898,-0.22565819189187802,-0.188378567183587,-0.258670784399738,0.132449135194174,-0.119045411647197,-0.134206192767001,-0.303278289347323,-0.223578203931187,-0.0572206246830328,-0.0017393776291892199,-0.0476644199967329,-0.18242585584156196,-0.46037233300703295
FUMm,0.0117079811520884,-0.0060643252995128205,-0.0294658524521733,-0.0936028351762365,-0.0600525826887546,0.6545561798694189,0.333958772383719,0.787331182986216,0.7984486661602321,0.189939097156553,-0.186263108825156,-0.20560145707428898,-0.22565819189187802,-0.188378567183587,-0.258670784399738,0.132449135194174,-0.119045411647197,-0.134206192767001,-0.303278289347323,-0.223578203931187,-0.0572206246830328,-0.0017393776291892199,-0.0476644199967329,-0.18242585584156196,-0.46037233300703295
G3PD1ir,-0.12907627135170802,-0.22842066106476003,-0.41017831773443797,-0.6254159996716679,-1.30736309952805,-0.35728908116401203,-0.641239738262098,-1.0028469676393699,-0.854235914676885,-1.18742571552731,-0.118926080214061,-0.665593478342791,-0.801406739581402,-1.28363673745573,-1.23906428946986,-1.77788704553409,-1.7528681643099902,-1.8661468359818998,-1.4790003030468797,-1.35569489502206,0.426565507502558,-0.362303524200604,-0.731858859380749,-0.8132609640852259,-0.755228389499787
G3PT,0.04582042491675215,-0.422576809538735,-0.485752671320019,-0.6963042594762441,-0.7513486938206619,-2.8189238672602146,-2.3713267607464648,-3.5228036594116747,-3.2055232831464906,-2.6702378817163597,-1.1822526713856298,-1.82908611944798,-2.0839006781061298,-2.20502354412498,-1.603629841586095,-0.490206974456411,-0.7445735388789025,-0.8513689267821914,-1.007831287666381,-1.2146545845995584,-1.64396065326655,-1.2190261213827098,-1.0596974690988883,-1.35336500312054,-1.046490600321022
G5SD,0.131915207442926,-0.0614198779514801,-0.0690390793479578,0.23384180874077998,0.46198965204806397,-0.279878865983402,-0.187131993258105,-0.109203801736884,-0.0251061326906637,-0.14816723890928601,-0.38359248117704103,-0.279828901035568,-0.169218987794471,-0.0140406530522172,0.0331050746100928,1.4056088504192799,1.3054680942150099,1.12265405317462,0.850384904431664,0.630596560413986,-0.0449464506676162,0.863718792196866,0.64533345046772,0.6430915991160691,0.229077664728496
G6PDH2,-0.0803701856931171,0.26858952951278103,0.0956657700567078,0.17717418400320198,0.511552615752308,0.91402268419063,0.8060994217803341,0.870419752782629,1.33554028740342,1.23503150621408,0.7631618986380799,0.6584518589615339,0.6080367555753521,0.613681483410266,0.6321095520555771,1.5186271438494798,1.08223267711772,1.19847847206732,1.17375165555731,0.420994902530211,0.624562750209439,0.6102717919948311,0.215474562080386,0.36648648318957394,0.514114996557701
GAPD,-0.008575017823926738,-0.3968468616366663,-0.5191589767372596,-0.8965353990527914,-0.8738923807548183,-1.33768921152122,-1.4411565555032098,-1.7519446746579035,-1.7153846043249599,-1.8165322496205296,-1.1817033525844869,-1.1621778499483324,-1.1734741421331203,-1.146703424213747,-0.9299544584927982,-1.3191692692045167,-0.9325444450204344,-0.9725846613590432,-0.8999246715810737,-1.0429380669710484,-0.6979736851789472,-0.9887858656815369,-1.3556236162528446,-1.0134415957744851,-1.0186426665513648
GHMT2r,0.149421099094579,0.0814207466255477,0.363814967639279,0.470160541183901,1.26365926183971,-0.36930120902966795,0.0563470756973837,-0.00145740017854858,0.15357514062673497,0.23730852884838802,-0.17461310246042497,0.14996986637147,0.187083319308392,0.627853226310808,1.0513119032604399,0.543881800200101,0.8718572585308391,1.0973738296912,1.0831161023336702,1.39786118505306,-0.581816369675474,0.487533248768478,0.606323812593668,0.7784020629898349,0.9399051159090659
GLCt1,-0.1420781854106445,0.43652732045570575,1.3922354291139103,0.4594705545489925,0.8819463803894655,2.5707772732977103,2.0821658960861003,2.9489621820964067,1.9037937490888457,2.1505066603972884,0.23049948645892784,1.104420102633734,1.13722364118335,2.3028328304481174,0.9385709662010742,2.660926599504426,0.9325905914950204,1.1375286161083125,1.505984853806245,1.6713389145824344,1.6715281700351252,1.4306680236565124,1.8541594914760848,0.8712791248155562,1.0601005383652624
GLNS,0.1972404214148,0.264289701517725,0.4176197057246421,0.825883987282093,1.4175966425271898,-0.8309434022777141,-0.113682184029933,-0.524719702796035,0.00250352580801613,0.6465717447653629,1.64149538395228,1.73205678343748,1.7141824870121798,1.99845272177526,1.86839929171517,0.108147798891526,0.9550165030688779,0.7341788261440321,0.8683038934544108,1.13286487066401,1.32398756264486,1.5727875738733998,1.09693197606121,1.29622505135749,1.1139693082528002
GLU5K,-2.47734833301869,-1.09717465070112,-1.08861880607342,-2.27455330575631,-1.30685317813821,-5.61560450633338,-1.9421489280033502,-1.4383677488934499,-1.4856121739105501,-1.8718384318937098,-4.61068550008198,-1.81801059827691,-2.32245734701508,-0.414770282280469,-2.2381591272808103,-1.05911518221426,-1.04976820182709,-0.86165774475389,-1.1683162221985801,-0.43903587932342797,-2.2240704949872403,-1.7939458333655398,-1.50858772238633,-0.601444313405378,-1.10676762180498
GLUDy,0.3012475519239365,1.55394645981989,1.2546529995510052,1.992150282743755,2.33687240514667,1.6920339933886799,2.453924775382005,1.46336521749593,2.4297071481420947,2.9188796335533747,1.8161384181187252,2.101368079621365,2.30579343385676,3.18417152664691,3.220951599062265,2.25209761214772,2.3578184448794453,2.2877681357377,2.697977451890235,2.53267844265774,2.8400142292562447,2.854473362573625,2.53333634363768,2.7688659091062653,2.715413664577445
GLUDym,0.3012475519239365,1.55394645981989,1.2546529995510052,1.992150282743755,2.33687240514667,1.6920339933886799,2.453924775382005,1.46336521749593,2.4297071481420947,2.9188796335533747,1.8161384181187252,2.101368079621365,2.30579343385676,3.18417152664691,3.220951599062265,2.25209761214772,2.3578184448794453,2.2877681357377,2.697977451890235,2.53267844265774,2.8400142292562447,2.854473362573625,2.53333634363768,2.7688659091062653,2.715413664577445
GLUSxm,0.0877383420269898,0.16380653760103,0.180472095373744,0.11336238914785601,0.0658127101192545,-0.7663380376138119,-0.482234372179327,-1.0653322098920301,-1.07160964070353,-0.496110018950495,0.36870756626969603,0.34750767772217,0.648469130719909,0.7693689190222691,0.6597556868982211,-1.04447764077413,-0.515064883038041,-0.939212327587501,-0.8500755143314479,-0.27307031798798603,-1.17490161322289,0.0388741015998321,-0.0436963781194571,0.0911586375540803,0.29485028172244204
GLYK,-2.04503782737338,-1.31093463105062,-1.39601519515353,-2.82687394296061,-2.24194229644598,0.328087703439687,-0.835488842900782,-0.611199804100446,-0.801119603041303,-1.7234009814040903,-0.714511481504172,-0.4578417258248329,-0.995087830797327,-1.4757543004646998,-1.2826642870070801,-0.895812530807631,-1.05961876770309,-1.7667578989731598,-1.0216655542663802,-1.37395385863989,-1.13876845492851,-1.14676999869113,-1.6127233843027198,-1.38670215433193,-0.9882284060504009
GND,0.0638973625089011,0.39561697443953897,0.6450265214817404,0.9988065487111116,0.7445668959445815,0.5150507713921321,0.7829072351999945,0.918960262415098,1.4121641403711802,1.36386148481954,0.1748994197352855,0.3000234222466757,0.46139198104988793,0.510334512795659,0.611618946734052,0.1806874525328453,0.07968113325271799,0.3843729919773573,0.5118204140770365,0.7547351760669729,1.440767256918135,0.8747659854888005,0.6501906418203101,0.7995341880100365,1.0809922042210596
HACNHm,0.0222469043323357,0.14189445151663,0.38416198037088395,0.394291867227325,0.49383498565377004,0.182152303316161,0.6385597718486,0.5188412898222,0.198174987924597,0.419278494946826,0.0347870890452422,0.14711820982790197,0.147542068722286,0.12792469437814902,0.313446071543914,0.732846155833338,0.566327615078722,0.3540057297524871,0.261100730219244,0.30864046008471,-0.11772210365089598,0.292049500111093,0.385447724138534,0.23884533757711499,0.24264298349718802
HEX1,-0.1021755813703276,-0.3836209383705493,-0.5224003710677143,-0.641829989242721,-1.0596396477634713,0.8364436300722934,0.9433820690227268,0.7804705824573553,1.0142371748632464,0.5558379273299227,-0.096919590318225,-0.059009543856572776,-0.14581164885863834,-0.4744915271647837,-0.4923592666235088,-1.2228730000196923,-0.9743617509886056,-1.133193670390113,-0.9934781550846852,-1.004703978098068,-0.29399728998493796,-0.5509453656201914,-1.0040449840943244,-0.9884804152808204,-0.4618354946473653
HICITDm,0.0985654099857501,0.351468250410385,0.514228504858579,0.7211749592890699,0.9407039117258571,1.0511689809559,1.20822270767533,1.1439819998333798,1.06347312533427,0.9634764369215452,0.2236740462992,0.182557333018642,0.22395702587016,0.45867231212017295,0.561633010723828,0.728344394730624,0.587252293502183,0.8042813709632101,0.807001237793338,0.9263131732355021,0.0960373590562974,0.35913790876462603,0.639267871807943,0.5953337387408871,0.502806502870911
HISTD,-0.0033487683387078302,-0.106033297228039,-0.0704008200390674,0.132384714634676,0.211764072514843,-1.18910503394297,-0.9078950337838879,-0.81016190628529,-0.473002466249408,-0.438013617550866,-1.06686251574624,-0.665009910237221,-0.467984773951281,-0.25931093584071496,-0.00310710347829519,1.30102206584021,1.01245809980508,1.02296289183582,0.603857958320933,0.132555309384187,-0.395325945095134,0.35625775676125104,0.559982105406317,0.19085898618550698,-0.13311692504407802
HSDyi,0.0375157701830204,0.128087566685571,0.17439157789655899,0.134601319661498,0.12094343969007698,-0.0729957065299332,-0.0276455024123529,0.0796664936098739,-0.052542079910884006,0.0310752775359471,-0.0726415498605016,0.21883739319373102,0.262245641290893,0.3734247774603479,0.398745026469694,0.22793650033034102,0.242229274364165,0.30108915801710306,0.32984361018502506,0.36991279420804607,0.45728830316355695,0.331158179853644,0.33893680663921505,0.41295759456809106,0.496278683087832
HSK,-0.43611471056540996,0.8776489893066709,1.1905888384856202,0.44937541027653205,1.1790422145963702,1.48845678637302,2.09281289324431,2.62671838948586,1.6329644704411497,1.64276876821112,2.10545176741267,0.584939889350046,2.50976568464879,0.900686000199535,2.6742745162236603,2.2069180055261897,1.8210251067098502,1.6198912142411297,2.0504038726544,1.83864307143969,2.48351635109562,2.02342866968758,2.95038314381999,3.4577585061057095,2.6572035616729903
HSTPT,0.0324776297018236,0.060571308840058,0.0438798532597224,0.48952675795688205,0.45415841992284606,-0.34239281470705607,-0.326495508860128,-0.5374231262270579,-0.5138880962738279,-0.403130586963448,0.18429064371693202,0.34003251571138005,0.282311837717432,0.35953743347725803,0.274548152285044,1.5809816700688801,1.1931083029092802,1.11941909599402,0.779324769262578,0.33670632960921504,-0.151046406604857,0.313664686090143,0.688937793920134,0.5507300153489639,0.273397045178137
ICDHxm,0.0001254368217053492,-0.0927731214948634,-0.3233940928085085,-0.4425425860047375,-0.2120018633684435,-0.4577697169684675,-0.2462802339314925,0.0800667109278404,0.5684031348193466,0.1647556143924005,-0.5518663527257825,-0.284127885424615,-0.42099132522342697,-0.663611606926791,-0.3112941741665375,0.04011081834489804,0.00666574626822405,0.1508394404373175,0.14476760507077202,0.01211544591303975,0.05311531374594965,0.07949502309650193,0.19783802118388802,0.2725638805127105,0.018290131940312898
ICL,0.0632567382704767,0.212898026780947,0.273019136730703,0.161576725153448,0.17889177924204996,0.57668263781813,0.400932281796979,0.547191310238856,0.141186550156884,0.17219512046429197,0.159616940298063,0.30332833125192704,0.447167857805653,0.451974924515168,0.4639895668384679,0.0353360057804643,0.126478062778432,0.26091966291499497,0.39170755118019396,0.363986145232673,0.528237862436635,0.260672343910695,0.374986579277271,1.18144869195628,0.447917328645617
IG3PS,-0.11472969607905999,-0.19541819908500602,-0.121786913667024,0.189312023813189,0.18979461034812498,-0.14925522309007,-0.102930629433816,-0.132422675255461,-0.344679645775469,-0.20754202638826103,-0.23181060139854898,-0.17160804728409598,0.0786514390241918,0.0860150758959762,0.117197245035571,1.24727832472649,1.071019718488,0.984681732150902,0.7054031345411821,0.16960758461453798,-0.18078127592674104,0.38048443518923797,0.37881997302380704,0.29845136882963397,0.0241444074355049
IGPDH,0.00101292705214896,-0.509332995713199,-0.27244142799542104,0.216273090172506,0.23179161020757702,0.20241862115892198,0.865835547244244,-0.6220439473179039,-0.43683617191294,-0.20965990016212102,-0.39252265605490705,-0.22016867165440002,-0.43467663705867104,-0.0949426462891359,-1.13657642297452,1.2638559871556898,1.02073336308515,1.29839091095004,0.337801941759835,0.6355493858277641,-0.0692448075509606,0.787430199205259,1.11425888392569,0.7383920239666191,0.0360535951548514
IGPS,-0.0316663710711188,-0.105585358874063,-0.0738329713881079,0.256720474143552,-0.0344808651247219,-0.15880237516866,-0.0807173640499998,-0.33654444302970393,-0.7073641529227359,-0.6254323458080451,-0.5074243921583089,0.00793898684182762,-0.193171663386483,-0.153138403406521,-0.26820459665698104,1.58732664187241,1.27721337061164,1.11030258518009,0.670323774606306,0.22902642633414,0.127837695520637,0.393059799127453,0.26531661768712,0.114813750565657,-0.0771179086135715
ILETA,-0.0664527744792379,-0.6830311172841012,-0.48612461163075105,-0.42685523610229403,0.9684756453958191,-0.34484683660416604,-0.606267387561469,-0.564109687049599,-1.4153483880481201,-1.0770679774201,-0.404278389577159,0.497909023532443,0.28921796744616496,0.729178684614048,1.6279334913744599,2.23490222021712,1.92821963753905,2.0294652395976103,1.78633649827679,0.23142623079199698,-0.844936045690215,0.460881886742074,0.35080035163196005,0.240408956007227,0.211192840707658
IPMD,-0.13765143538091698,-0.24601283101347501,-0.23200789052311302,-0.221965409688327,-0.0788388323003087,0.166196211594532,-0.0469716365345884,-0.18063749860059197,-0.33430877874040504,-0.531137559576376,0.0020196780700051102,-0.16861286069534698,-0.19816327149322502,-0.326486047852322,-0.187926853843233,-0.6893319828534781,-0.29805939299275896,-0.164090758550946,0.0907489074716569,-0.796889201939784,-0.107057001438134,0.106944883037282,-0.277036153439152,-0.102891009366319,-0.194139526398113
IPPMIa,-0.0522587423256011,0.42890367809726904,0.383724832488435,0.5014006659895901,0.9367826411493521,0.0248676690093243,0.628344460984869,0.4980192363581671,0.415029838732486,0.6963421664502679,0.16181304388064802,0.478164399715071,0.7358893354808749,0.6077875919038399,0.7347074319194201,4.77719778674542,4.43235706295678,3.74325416895649,3.4229419381143398,1.9997675178013403,0.16060622515018302,0.673594211998899,0.8532727838798209,0.7737244966156259,0.536455114601386
IPPMIb,-0.0522587423256011,0.42890367809726904,0.383724832488435,0.5014006659895901,0.9367826411493521,0.0248676690093243,0.628344460984869,0.4980192363581671,0.415029838732486,0.6963421664502679,0.16181304388064802,0.478164399715071,0.7358893354808749,0.6077875919038399,0.7347074319194201,4.77719778674542,4.43235706295678,3.74325416895649,3.4229419381143398,1.9997675178013403,0.16060622515018302,0.673594211998899,0.8532727838798209,0.7737244966156259,0.536455114601386
IPPS,0.0695775205933709,0.11805426811731098,-0.00723794616957387,0.0864883200700051,0.03993186792228,0.45871624362827396,0.454202897886316,0.299163493734803,-0.428122690092236,-0.24595616243069002,-0.8551551343429109,-0.947087901884509,-0.857087551721948,-0.8310295606503009,-0.348318900104037,2.8975077774365197,2.08209598434818,1.7221840353062499,1.07086759776411,-0.022993911210067,0.18204617023818898,0.739368222815866,0.5300580853076,0.19797114485894896,-0.0500669166796278
KARA1im,0.00994506158442672,-0.20540027749641002,-0.296659185660172,-0.288038314174302,0.26111557206709696,0.476595377533608,0.439057298064211,0.317975986234565,-0.0907354427949212,-0.130080295393594,0.143556840274573,-0.240014636422899,-0.306116088355462,-0.0405858394523802,0.263325656419435,1.73612948552554,1.3918137653729201,1.20450893413607,0.968985660491004,-0.0255286569002512,-1.1467464838875001,-0.717142135657475,-0.625096740029917,-0.579271248637872,-0.270634420523849
KARA2im,0.00994506158442672,-0.20540027749641002,-0.296659185660172,-0.288038314174302,0.26111557206709696,0.476595377533608,0.439057298064211,0.317975986234565,-0.0907354427949212,-0.130080295393594,0.143556840274573,-0.240014636422899,-0.306116088355462,-0.0405858394523802,0.263325656419435,1.73612948552554,1.3918137653729201,1.20450893413607,0.968985660491004,-0.0255286569002512,-1.1467464838875001,-0.717142135657475,-0.625096740029917,-0.579271248637872,-0.270634420523849
LEUTA,-0.0664527744792379,-0.6830311172841012,-0.48612461163075105,-0.42685523610229403,0.9684756453958191,-0.34484683660416604,-0.606267387561469,-0.564109687049599,-1.4153483880481201,-1.0770679774201,-0.404278389577159,0.497909023532443,0.28921796744616496,0.729178684614048,1.6279334913744599,2.23490222021712,1.92821963753905,2.0294652395976103,1.78633649827679,0.23142623079199698,-0.844936045690215,0.460881886742074,0.35080035163196005,0.240408956007227,0.211192840707658
MALS,0.16265499120900986,-0.35068213181414,-0.6051734912935065,-1.0836174043487636,-1.7663442478284137,1.1546097990953237,1.9192435117662952,2.25593653261928,-0.574404334060426,1.3709082678179851,2.032206524281405,1.4687772059843889,2.747928823369335,3.746209337913194,1.0466737732550648,-1.090496012693277,0.02427698435316994,1.2657810184523233,0.5134266812328949,0.15888082695881,-1.2080562091536111,-0.8651790560828996,0.3716890038876,0.7073712449916101,2.726275026974705
MDH,-0.262039279702146,-0.352093869308082,-0.178353975108285,-0.0676636668500132,0.373494821795969,-0.557382601387835,-0.6440193234131171,-0.321472952733851,-0.250205786859882,-0.219952035233742,-0.18448993356852597,-0.244744521870024,-0.387144705832947,0.191250979285817,-0.12560524238045098,-0.199739019941465,-0.21088394817003897,0.303451284704252,0.009217671369344541,0.174789430249089,-0.655065442670545,-0.23103086448659602,-0.293060922266777,-0.142968272307826,-0.0603411595803957
MDHm,-0.15380623725151402,-0.49078083690827506,-0.8565939496254701,-1.26509336875181,-1.88472307911217,0.6767869464822839,0.554241778741129,0.7766530254773721,1.15961638703478,0.42136913561991995,-0.7450205528202121,-1.35864921463036,-1.28476439466583,-1.8189463486774098,-1.9932521940714198,-0.9005388558006421,-1.59790711654729,-1.93595705698855,-2.00909959629828,-2.0479450080352,-0.948930746608735,-1.43641173852718,-2.02757311312803,-1.97396405630854,-1.98838642689454
ME2m,-0.114363470957797,-0.601916275835094,-0.42652997234340007,-0.0911527971479581,0.8125924298919409,-1.9949777724576598,-0.6914038570461128,-1.24843008467054,-1.37302806393904,-0.7927115403309221,-0.561091567373229,-0.603892330891202,-0.972358077118085,-0.19670461434809805,0.45424123463837496,1.18040249218326,0.9111643745391891,1.1696562624208302,1.0608854195136899,0.461021790886269,-0.5574549836896441,0.40155480663934096,0.45816376188108293,0.67345695487802,0.8079539935436959
METS,0.0663141294522728,0.512476693459648,0.789824795628985,1.23666324028727,1.6322974509884398,-0.0115562962622254,0.491376076571389,0.8811100435760879,1.23873499521478,1.50199635189603,0.0043463286006179104,0.510449152506034,0.6889464701007589,1.18793077780284,1.50761040409251,1.4854515380354398,1.6849434539410901,1.73066408972534,1.75616376695611,1.89732186035925,0.634460314732197,0.997550465966991,1.09454533642326,1.3595630630134,1.78022909483954
MTHFC,0.0229716225749201,0.0503903853720016,0.14755903908597598,0.28913350616151096,0.563139855685556,-0.6136220228454928,-0.31291447504916,-0.27360686938104606,-0.352295129162739,-0.062220099327681,-0.6622246739415699,-0.22749661092718804,-0.0995652138247492,0.317468976674916,0.5447806924915141,0.7637754427750569,0.859178618372889,0.8989979280968459,0.820954448398059,0.79242589694674,0.949864238194743,1.0755743721846098,1.0463462966359498,0.986320374553475,0.7958304874751541
MTHFD,0.0229716225749201,0.0503903853720016,0.14755903908597598,0.28913350616151096,0.563139855685556,-0.6136220228454928,-0.31291447504916,-0.27360686938104606,-0.352295129162739,-0.062220099327681,-0.6622246739415699,-0.22749661092718804,-0.0995652138247492,0.317468976674916,0.5447806924915141,0.7637754427750569,0.859178618372889,0.8989979280968459,0.820954448398059,0.79242589694674,0.949864238194743,1.0755743721846098,1.0463462966359498,0.986320374553475,0.7958304874751541
MTHFR3,0.30444151578264,0.38939095862732703,0.5678358146963179,0.861093763311836,0.35565479697683794,-0.527896748987784,0.712996549228566,0.551875288319392,0.65375711994778,0.9624410940829592,0.424550268190129,0.44700900753830997,0.671236786554092,0.4823253490650321,0.38542193047407297,1.29129868236876,0.970346375375833,1.24810024995608,0.7540448497085601,0.9388629918679839,-0.620515362710494,-0.0473770923711054,0.42020734411454796,0.469224661832052,0.8832762728943271
NADH2__u6cm,0.062121579951534,-0.02727253269264601,2.1158968973424304,-0.3346122677727095,1.745170287242404,-1.3940666332804486,-0.8775396686362249,-2.0551273006742297,2.32701395392967,1.98579029169103,3.1331666316151363,3.2338149792097477,2.562225490782104,1.8674535259361393,2.5210618945224588,2.0779673927396805,0.6058878698015745,1.221207739490969,1.2449681285047376,0.7785076558381865,1.8161109841196104,1.626251274229559,2.322546410838193,2.0085452999177376,1.4755265137768605
NADH2__u6m,0.11705877502944648,-0.1440679791032026,-0.228075726929093,-0.43987942713534994,-0.9402781787663009,0.4650052358784405,0.5598888302750484,0.719450842369203,0.9547578904875684,0.482048578454087,0.1585811845693125,0.188253012516032,-0.09183855066700948,-0.5781270219160425,-0.8887264742725941,-0.0007485986069495354,-0.4437900402516385,-1.0145463135192645,-0.9423146114742348,-0.9313109273610516,-0.18988834398753,-0.4940678153997667,-0.8293685524958205,-1.181775550900088,-0.7474796839932099
OAAt2m,0.00400744766487781,0.38301263355526394,0.388988110450701,0.7677989327195859,0.991870795529994,-0.505409530233321,-0.319193101588891,-0.46252640811014206,-0.377323250248039,-0.10220746804232901,-0.222815473899675,-0.387651026183785,0.0325196352230747,0.358414578700895,0.8213228832573821,4.09057767496277,3.4735831167320095,3.2312870262940496,3.0163904481383597,1.77814830592301,-0.34934732399334306,0.25603242370962304,0.145395258297703,0.6978966438645551,0.395547158578185
OCBTi,-0.0146564531094033,-0.11532110149196198,0.0430602339013044,-0.128086618474108,0.862293380883,-0.7476761544799109,-0.9324541265213029,-1.1951000935088703,-1.4401174016976201,-1.2765614297569798,-0.334416197733445,-0.0210340928716856,-0.249436378297673,0.0290419514758806,0.7074524974529879,1.06730761758763,1.16336433294341,1.0138104752394101,0.712816867905155,0.12200475334814,-0.9486996191636801,0.0695218905625895,0.266169369796528,0.146864076261212,-0.20856978059358303
OMCDC,-0.0664527744792379,-0.6830311172841012,-0.48612461163075105,-0.42685523610229403,0.9684756453958191,-0.34484683660416604,-0.606267387561469,-0.564109687049599,-1.4153483880481201,-1.0770679774201,-0.404278389577159,0.497909023532443,0.28921796744616496,0.729178684614048,1.6279334913744599,2.23490222021712,1.92821963753905,2.0294652395976103,1.78633649827679,0.23142623079199698,-0.844936045690215,0.460881886742074,0.35080035163196005,0.240408956007227,0.211192840707658
ORNTACim,0.08467266553149,0.114604457038676,0.32195110204049604,0.8768098418209099,0.6703093465926779,-0.20967502113755,-0.11008371153202198,-0.376870695069692,-0.36862059663888597,-0.00672909510415394,-0.455254410111361,-0.34162058936535,-0.30173121611593606,-0.130525583686987,0.159611948679371,2.68084621344616,2.12292780634306,1.9989852233343601,1.38099723446979,0.448537567079473,0.8752704521338409,1.48856876773426,1.26733366510778,0.723049273421827,0.20534792212445002
P5CR,-0.15854229558372102,0.303441176462448,0.0114419693584226,0.00886090141631665,0.0501588393124517,0.0483425776596661,-0.0892987191521901,-0.0441252153838041,-0.0646877722604668,-0.189762882848939,0.04192199424685399,0.292085050567969,0.47163425442844303,0.0159056828483202,0.25883336195007606,-1.01235041610807,-0.318965446799507,-0.40040971669789,-0.22110035144047196,0.0173119854364784,0.23211922286839298,-0.0309283649445099,-0.127872984571897,-0.15390680993386702,0.0893432384817173
PAPSR,-0.08896139432925,-0.7287373655310141,-1.1785897858996899,-1.6518606713462098,-2.41322742288118,-0.7115939599146379,-2.29403622382606,-2.22140981847878,-2.91077900148507,-3.64484980506216,1.49086898818528,0.16424449218519102,-0.34050817538899897,-1.82602199952084,-1.6990930727683202,-0.57633264736309,-1.32222104594373,-2.0202186757651,-2.4992063424282,-3.28649855719906,-0.7792201550048059,-1.49621925889688,-3.7450601878852403,-3.0985466766736205,-2.54245827836862
PC,-0.04836482315179947,-0.253093822444498,-0.6248974525460315,-0.402319024675185,-0.10528917679269344,-0.154787814351627,0.0133490483633005,0.10986635277147601,0.453638481924057,0.3425205753571175,-0.3056314264401885,0.04734746967440567,0.044423273854296765,0.043022549964304345,0.20680303963314925,0.485230196291676,0.3259307344105485,0.03557821558536,-0.10755491083786776,-0.33265954783845303,0.4925750756419185,1.2477254906075201,0.4656661305872585,0.4446041439717705,0.39701492371549496
PDHm,-0.08319033855229996,-0.16664866898484484,-0.1826401985408768,-0.2324538007509599,-0.3015956179126245,0.10315896113998076,0.08207072522480774,0.143363424262008,0.16755689856118974,-0.03174342642548575,-0.3013846615912061,-0.215821423184533,-0.1905735070005017,-0.34080522190751605,-0.2686549343450186,0.3299316922760962,0.07166436675978274,-0.059741799562507386,-0.21601504707318905,-0.4185199679742605,0.0028781889432380717,0.03270810988554474,-0.1388876411355608,-0.22517327597475786,-0.2353608448079409
PFK,0.006533221671778655,-0.302092448207401,-0.3713003803589165,-0.5531470307644479,-0.581265893395446,-1.3357899688333952,-1.4135644731335402,-1.382887867330155,-1.255191332871425,-1.2091853043552598,-0.8861712191269051,-0.7635799306227464,-0.72751924338335,-0.9003232785246584,-0.7683944686126405,-0.6889693345299199,-0.5478513124763635,-0.6042641275156491,-0.6733722062105629,-0.6065476432423216,-0.413179946432417,-0.34887884737638103,-0.4828643039926525,-0.5928334293050255,-0.7107587569784575
PGCD,0.135946355372782,0.17000681901658876,0.38679646931712297,1.15467180953677,0.4631218014120315,-0.813431884252653,-0.7161502483306135,-0.6935580465543065,-0.8157694797261971,-0.7898953005213455,-1.053289727969152,-0.8561499488787429,-0.8651542111351829,-0.42339967283552604,-0.19662929027155884,-0.08962284601182273,0.08471247251971274,0.230051073591438,0.215946035865657,0.321386070499388,1.3157731745405201,1.452509357662735,0.99149123539151,1.0544087483624642,0.5160061741142965
PGI,-0.00407533846029011,-0.349470151166127,-0.364658575268056,-0.560601714088018,-0.878634503487308,-1.06355499752799,-1.26159311221178,-1.18313566882874,-1.25738381317963,-1.5760422410780701,-1.34769007530244,-1.3810323855539501,-1.30866848542955,-1.28872957652957,-1.21197588517002,-1.1197867413163898,-0.9550146665341701,-0.9838073755654829,-0.917343801432052,-0.8913133294621072,-0.519244629622285,-0.6695669230363921,-0.657889368503212,-0.834778371266719,-1.0750266661538699
PGK,-0.0297307434982404,-0.5432436923186931,-0.623482061189799,-1.0236467162860798,-1.1741368625181599,-1.44592023481799,-1.7699218557502099,-1.91827075447073,-1.81012109943598,-2.11362566375386,-1.2390598430706001,-1.67763123421314,-1.68779962062794,-1.74885011821188,-1.41544728437165,-1.37606193912614,-1.19031604220013,-1.22744064350273,-1.21876172624797,-1.31125663467803,-1.2441647061682801,-1.44599189530354,-1.8817738481018,-1.6032659917842098,-1.3642853079372799
PGL,-0.30051822536558803,-0.3732402760145766,-0.9832558327438252,-1.1228802348036322,-1.944845777458176,-0.02761063288651855,-0.9856962307020849,-0.7515871160217094,-0.4617308859784548,-1.492877173904829,-0.1272147193774733,-0.4535521756368244,-0.7442277325643086,-1.119392438750416,-1.1264079156667817,-1.673954819953312,-1.4001337267687086,-1.8457543260340568,-2.0717944084725306,-1.446623992804608,0.13766035904942642,-0.5791243409280039,-1.322851781158619,-0.6169169066891994,-0.8434761506696806
PGM,0.0276882531010959,-0.591520077991464,-0.8114264740056375,-1.0214572405618094,-1.4402525450092245,-1.3755269674867852,-1.76094653180589,-2.13702652828814,-2.09416150403264,-1.2118489540973445,-1.0191714167560249,-1.366103028412055,-1.6301988896665702,-1.5247751507900602,-1.794471742164585,-1.6004273557610849,-1.5473165781005815,-1.2075766229798939,-0.790283477530368,-1.1535472547776726,-1.2643625615378178,-1.3410002658948932,-1.646392357546055,-1.5305100052157998,-1.5237218682911648
PIt2m,-0.07655309713900399,0.138191581205156,0.0112372085381827,-0.272895946074365,-0.966219580483681,0.625475472897629,0.739953693922337,1.03635346478793,1.1923060162785801,0.773618729312516,0.0246646169787985,0.0579826914494582,0.10558763828096401,-0.387617447265448,-0.651190212650881,-0.12066836560497199,-0.6740868584802701,-1.0367652282015798,-1.01332538470321,-1.04339298188054,0.0162303983037757,-0.572407334568396,-0.8384974989554491,-0.637390508770885,-0.8091377096605641
PIt2r,-0.4758492482717677,-0.4004971670074446,-0.039290392757730636,-0.2846866759204367,-1.0092486193414916,-2.749970100456705,-1.566833339289908,-0.95859240913064,-0.6750231982186902,-2.0045268902708098,-2.447510840533261,-1.9689445476466263,-1.0477389688543182,-3.1367005798255665,-2.35271934924249,-0.7593054403605021,-1.7389292074234468,-2.014284286274957,-0.4291685933864124,-1.9477862865592532,-1.8528465902435591,-0.8920056705648828,-0.21415588198250332,-1.117387245522454,-1.78198024896878
PPA,-0.0524553187934966,0.0385338608224528,0.0890602311451262,0.0846079943572948,0.0690829527819584,0.22003822501850698,0.0770375332708537,0.112122414061848,-0.0742462393188437,-0.10757153918464302,-0.0149037967471258,0.16600227868583,0.200797460916698,0.24526857874502397,0.244740572821271,-0.10488633422129301,0.114774040313839,0.12881419969952698,0.266206487490489,0.23104537813312098,0.434921363317358,0.13289689986880499,0.24270648265183398,1.07266602268049,0.24923824385182702
PPCK,-0.111508059081636,-0.45133396069433396,-0.528710635159009,-0.74916761033559,-0.986694361735881,0.670969717238194,0.5938075212204561,-0.0904597827247152,-0.7789772269381491,-0.632518338816939,-0.6509390144781391,-0.506898074815367,-0.872664126653312,-2.8938352364205597,-0.6540158470891559,-1.21658284753406,-1.22508690954281,-2.05501627250901,-1.2248772985276297,-1.06229848623236,-0.31528294224969,-0.34047130349176197,-0.7664823848553671,-0.7755636471928801,-0.9393621842747429
PRAMPC,-0.0033487683387078302,-0.106033297228039,-0.0704008200390674,0.132384714634676,0.211764072514843,-1.18910503394297,-0.9078950337838879,-0.81016190628529,-0.473002466249408,-0.438013617550866,-1.06686251574624,-0.665009910237221,-0.467984773951281,-0.25931093584071496,-0.00310710347829519,1.30102206584021,1.01245809980508,1.02296289183582,0.603857958320933,0.132555309384187,-0.395325945095134,0.35625775676125104,0.559982105406317,0.19085898618550698,-0.13311692504407802
PRATPP,-0.0033487683387078302,-0.106033297228039,-0.0704008200390674,0.132384714634676,0.211764072514843,-1.18910503394297,-0.9078950337838879,-0.81016190628529,-0.473002466249408,-0.438013617550866,-1.06686251574624,-0.665009910237221,-0.467984773951281,-0.25931093584071496,-0.00310710347829519,1.30102206584021,1.01245809980508,1.02296289183582,0.603857958320933,0.132555309384187,-0.395325945095134,0.35625775676125104,0.559982105406317,0.19085898618550698,-0.13311692504407802
PRPPS,1.473171249911911,0.6607856850348874,0.7724720743601801,0.3268821385116291,0.6983682022026889,-0.6000257033598826,0.8126215665622497,0.6523203654489935,0.7895554990955141,1.0223368606457703,0.5494487926626485,-0.564858587039196,0.4221571120545083,-0.6872295415412488,0.7153988579708662,0.8376769088376972,0.38798800172716025,-0.033591048330029495,0.720418923889408,-0.8654611274444567,-0.665254762531396,-0.5015013035222863,0.04327485393180553,0.7397376096436495,1.0913056117867597
PSCVTi,-0.0980323682542098,-0.0312266630858051,-0.0057372139260221,0.107328367913456,0.30159380902791905,-0.142552101009036,-0.0884091718107087,0.0618243028859864,0.0720760077862643,0.0436300677257918,-0.9056729662666121,-0.523829848340743,-0.41121788559252004,-0.008257029859086391,0.22520854271982896,1.0630425693256,0.8821930729956441,0.8454813204453442,0.6562541649261129,0.293490122342674,-0.36885941761045,0.516731802195397,0.4565698770968579,0.259682202964908,0.12812918108334198
PSERT,0.0475487984348572,-0.300485413561479,-0.087543349659501,0.0637441912329127,0.46568511183383204,-0.330227289875005,-0.54060135033562,-0.6355369343854119,-0.534824988885713,-0.231378861577072,-0.500961790657925,-0.29723418640147103,-0.32941203200945696,0.11142156947784598,0.39145215429822994,1.21582479768954,0.9255753282758091,1.1192663248508998,0.721609674732038,0.604454772990403,0.18404196400876,0.779966476882829,0.755608913317893,0.669646468156596,0.25460750147071
PYK,0.09933815857297816,-0.0535216086286044,-0.03206638483727416,-0.1385035659205563,-0.23619207395517056,-1.6140937144777199,-1.9530016548308102,-2.095445524505335,-1.912695329899905,-1.70135479391051,-0.7380163615534909,-0.654948198605954,-0.629049327528859,-0.6048415508241585,-0.4529626626876605,-0.7774588329861125,-0.7133486421925871,-0.6648412659405436,-0.6229460122999825,-0.6685386283368144,-0.318675979656978,-0.5495130236080935,-0.608073190775126,-0.5457720738902825,-0.37273089658769504
PYRDC,-0.03680535283948811,-0.27592548961213165,-0.4044398619844223,-0.5746202242275297,-0.4866480452063973,-1.5350938981014732,-2.124039612350543,-2.0501091394751,-1.79387762751122,-1.57358240112813,-0.06536335328178966,-0.5643883064461916,-0.5711802411289589,-0.5647841253326881,-0.5569015194169561,-0.4698778549894023,-0.576459522109601,-0.5807519235033967,-0.6669634280341047,-0.66248546392328,-0.4205312890891557,-0.7120357973254178,-0.8751679536561164,-0.7995698991607737,-0.8077039211131473
PYRt2,-1.10892314879882,-5.371692472858809,-3.9212985929817004,-4.39833510683701,-4.84571385021426,-2.8403496525008,-0.590958713736781,0.6313188966287471,-4.581858339925651,-6.99180568869439,-2.28046555272733,-3.40815303986346,-4.05282172336351,-4.4499398505350305,-7.5182389944428305,-6.1992735442976,-9.19460329724818,-4.154827442520951,-2.85159420295138,-4.52181032527293,-4.88670070056025,-5.72041233222411,-3.8847544534075693,-7.051326649804209,-4.07044789152542
RPE,-0.0694079139731618,-0.00112741058162869,-0.0446377935843647,-0.130708436290601,-0.07370180986967301,-0.21021292841627198,-0.322247790684086,-0.276796014146327,-0.391655178748933,-0.380405342193181,-0.142923948522694,-0.125204262240174,-0.0752949232055173,-0.147712318321594,-0.214544997689442,-0.150800188221001,-0.0875279144905666,-0.171439309381583,-0.181941684086877,-0.234432364364932,-0.0260398079999236,-0.24915079353342998,-0.175473099210397,-0.184911906714517,-0.1704162390536
SACCD1,-0.05287470001684,0.41719642263010204,0.643244250003402,0.915170079571735,1.1622984503492,0.5212911600082489,0.960094596879524,0.8401265098689341,0.753097592202685,0.9360131651499841,0.440911367090758,0.440006138589914,0.479266965407075,0.764723420303698,0.9118290669776359,0.581186504040544,0.758590822865182,0.7799944784142808,0.85719328008412,1.17333782634119,-0.14638491500700002,0.572097677721353,0.96974688996927,0.793692718236385,0.8367323869639031
SACCD2,0.017384072479387,0.4761172210114621,0.46131355059282503,0.786537046139433,1.0408995007220698,-0.0103629807549975,0.718177068024191,0.5483631088944361,0.726494073480641,1.0325888311989,-0.499606990317444,-0.0758307278824083,0.0108307136604022,0.559197624887715,0.792657729936677,1.21159763445184,1.42877453511659,1.3079076020726101,0.894479509537258,1.00570131641617,0.313942890639047,1.1331160656411499,1.2080856106848998,0.971189663943187,0.818984777590256
SHK3D,-0.0980323682542098,-0.0312266630858051,-0.0057372139260221,0.107328367913456,0.30159380902791905,-0.142552101009036,-0.0884091718107087,0.0618243028859864,0.0720760077862643,0.0436300677257918,-0.9056729662666121,-0.523829848340743,-0.41121788559252004,-0.008257029859086391,0.22520854271982896,1.0630425693256,0.8821930729956441,0.8454813204453442,0.6562541649261129,0.293490122342674,-0.36885941761045,0.516731802195397,0.4565698770968579,0.259682202964908,0.12812918108334198
SHKK,-0.0980323682542098,-0.0312266630858051,-0.0057372139260221,0.107328367913456,0.30159380902791905,-0.142552101009036,-0.0884091718107087,0.0618243028859864,0.0720760077862643,0.0436300677257918,-0.9056729662666121,-0.523829848340743,-0.41121788559252004,-0.008257029859086391,0.22520854271982896,1.0630425693256,0.8821930729956441,0.8454813204453442,0.6562541649261129,0.293490122342674,-0.36885941761045,0.516731802195397,0.4565698770968579,0.259682202964908,0.12812918108334198
SLFAT,0.155628195053576,-0.101351941458659,0.0513312937218095,0.265402003750793,0.219986231716507,-0.7784016906471801,-0.37749164533697205,-0.465489420523435,-0.596382622103552,0.9602216618524719,-0.600153498782523,-0.27604886401753104,-0.0894318386476292,-0.5556836635236121,-0.17647267309889897,0.206058588042037,0.325167349635225,0.22923112153724498,0.30813092526799896,0.440268774334145,0.301775968183915,0.39965073237609794,0.18770070809770004,0.29025200172084803,0.19470047295129803
SUCD2_u6m,-0.6173458221581957,-0.10856184418680508,-0.3054507674711126,-0.8524553202139488,-1.7668689795960233,1.4261339615231898,1.6633828348537705,1.7898224614944398,1.91431219344358,1.4273076640683702,-0.1481272070170747,-0.3128905389455637,-0.2889511550920357,-1.4033412950582358,-1.253366348206988,-1.0708009361845414,-1.3714730545171687,-1.7455010655559036,-1.9514136538407771,-2.24165166492444,-0.4315730473632564,-1.1895867485192066,-1.5187919308951934,-1.2527237394315895,-1.9800986623829768
SUCFUMtm,2.58611791457184,3.1495581614198196,3.36052663479544,2.4847763021022597,3.1243133207518703,4.89882116386441,5.48283965913989,3.06044856080657,3.49436751595132,3.61914940925937,2.9128170342631603,2.98568959563533,3.52267932727637,2.86666357632694,3.71024485073822,3.9916530489747,2.09992318208805,1.97110383089273,3.6008606997820096,2.8098843798666797,4.894179029990481,3.62014651471765,3.2395112222391402,2.9933807427756203,2.95928729254371
SUCOAS1m,0.010110668457524149,-0.0269052600000366,-0.01267817104892005,-0.2001317678949905,-0.048367055074328515,1.300363062062695,1.367021645293085,1.555317445041725,0.9513201855114723,0.6877350645822435,0.5783204866258891,0.8551036601103585,0.891111250454025,0.42631236569081976,0.4164601890180768,-0.021945700925591047,0.1210395740983489,0.08190295030571476,0.1842040406999576,-0.08687009869117301,0.057898184292309,0.1814250535777985,-0.1847959365705995,-0.09462764169026,0.44646426073828005
SULR,-0.04521925667344265,0.0147631809329076,0.152268078532725,0.2348660640152745,0.5446034383134379,0.1074851979883318,0.457368599117939,0.6080223762007845,0.7018278215655525,0.9710353393796364,0.17379164225185503,0.543970579661562,0.6949753226164735,0.8539382522537242,0.937462200759306,0.6536759817071235,0.8464312034045329,0.6589497941512745,0.7627118143522055,1.050548089969405,1.16119861192746,0.6962599641661236,0.9868636678647736,1.011193410785721,1.065876755111055
TALA,-0.15240767292928006,-0.241653625363271,-0.24057215949241298,-0.1326199373352219,-0.445372449035131,0.3548542705059591,0.08566346915127851,-0.09151290390663692,-0.08913844151933445,-0.235921937219855,0.079368781289502,-0.45906161694782505,-0.4203493782049915,-0.489217372926687,-0.481851169635632,-0.329933665165035,-0.5418218268949639,-0.4652941276400265,-0.4133586688915355,-0.2555077012324975,0.1787154598277348,-0.18552064940639354,-0.7461060447490201,-0.6081556435753579,-0.4129683179021895
THRA,0.0733296030601858,0.34386032830153496,0.7311310459401441,0.7512647334053579,0.70052026367183,-1.1800212734501698,-1.1678396666124,-0.708625317744492,-0.3609131826737971,-0.0923018880019069,-0.8553280926935258,-0.663978065693636,-0.33336983239521,-0.36038024391067996,0.0281214367432564,1.06114529296223,0.917963062471298,0.9243795438522451,0.8947610048038541,1.25353224735694,-0.9733237661001651,0.23618390875514,0.46139831328858705,0.10594027495979101,-0.23473685322760002
THRD_Lm,0.0259502365735454,-0.0762545821948933,0.141657022907755,0.15591743762859697,-0.17362823797364302,-0.43665311587171296,-0.458362682169758,-0.5670229908822221,-0.6567532365955611,-0.341859506064115,-0.462490291511867,-0.42256091323789097,-0.266740454731052,-0.224885117204517,-0.297627687152019,1.2732888102621498,0.7789058454067659,0.724689245449854,0.30546977366294803,-0.0838616933745236,-0.294818337115005,-0.160378303455819,0.0352604289794662,-0.143760133581541,-0.144497471578241
THRS,-0.0702650131505333,0.0557530833933217,0.16872426028149198,0.0538376573956629,0.0750421480598556,-0.426815322336829,-0.278314883927144,-0.29340092728973305,-0.351330854875701,-0.34604610691573306,-0.584111617157512,-0.47778733407436297,-0.327727119205522,-0.296127464595815,-0.164275125503599,0.7435096530974542,0.51106395285045,0.481735709167321,0.295686132553759,0.100921304644151,0.0414038211975583,0.11901514567006301,0.40054010266935497,0.0025496523705829197,-0.138831052695444
TKT1,-0.3170954306687713,-1.2973924334981104,-2.010694223153064,-2.7821204807049047,-2.061467635124101,0.24349322551752506,0.16502380808219852,-0.4636725422995285,-1.433753968987726,-1.5461093280683735,0.2952917374325805,-1.2503581012852218,-1.794322263271413,-1.577790801900957,-1.757397675629605,-1.330767355859031,-1.6989482598169483,-1.5768717729171398,-1.8337015711334983,-1.7437157137686707,0.8645751295363671,-0.015831461848128003,-0.4875550100070625,-1.6024821861353225,-1.3213090037069328
TKT2,-0.3170954306687713,-1.2973924334981104,-2.010694223153064,-2.7821204807049047,-2.061467635124101,0.24349322551752506,0.16502380808219852,-0.4636725422995285,-1.433753968987726,-1.5461093280683735,0.2952917374325805,-1.2503581012852218,-1.794322263271413,-1.577790801900957,-1.757397675629605,-1.330767355859031,-1.6989482598169483,-1.5768717729171398,-1.8337015711334983,-1.7437157137686707,0.8645751295363671,-0.015831461848128003,-0.4875550100070625,-1.6024821861353225,-1.3213090037069328
TPI,0.0452028076932237,-0.253596086331349,-0.34115046561227397,-0.46609381571591996,-0.6147235413630021,-1.4417582328912901,-1.6317241324407898,-1.7139568931426998,-1.5631476886895401,-1.7035332233745302,-1.2762739314778402,-1.32518012950938,-1.28082880579444,-1.21091027964129,-0.871452875033652,-1.1055793603246202,-0.863071604626128,-0.8299445730821892,-0.7283053140656891,-0.9044761533229501,-0.16178627203502302,-0.725972686926437,-0.7308900004577009,-0.8091965166973729,-0.664840884307999
TRPS1,0.0192626657628146,0.196378807175592,0.34690417903921805,0.5609268793046359,0.44860169571767894,-0.276214607444785,-0.0416463487554124,0.008624549041921191,0.14597331734389302,0.237408581228596,-0.30536941674751894,-0.0474899844365396,-0.00695758981194828,0.252799042037445,0.364105200896421,1.36055743143464,0.9950168186474201,1.00361259869058,0.646697740777891,0.252956177324052,0.4658242082181989,0.9354252100070749,1.2341621522207,0.6984232923215731,0.33446604774059
TYRTA,0.0802258703183863,0.24226915600783802,0.20398066584313798,0.39335250562287005,0.7112502035795921,0.0897475944207372,0.43550198404479995,0.547818421730751,0.312341302598599,0.266682480677439,-0.0346397300176225,0.346780430879978,0.204378190255152,0.17996072019949,0.49741031801326796,0.9206569282004449,1.12491633141505,1.1883303835419698,1.03695558934387,0.755261761373693,-0.18733716569089004,0.501093831993582,1.06988702475655,0.6715060726646049,0.35547591766292297
VALTA,-0.0664527744792379,-0.6830311172841012,-0.48612461163075105,-0.42685523610229403,0.9684756453958191,-0.34484683660416604,-0.606267387561469,-0.564109687049599,-1.4153483880481201,-1.0770679774201,-0.404278389577159,0.497909023532443,0.28921796744616496,0.729178684614048,1.6279334913744599,2.23490222021712,1.92821963753905,2.0294652395976103,1.78633649827679,0.23142623079199698,-0.844936045690215,0.460881886742074,0.35080035163196005,0.240408956007227,0.211192840707658
