id,Conversion_to_Absolute,P0.05,P0.11,P0.16,P0.22,P0.30,C0.05,C0.11,C0.16,C0.22,C0.30,N0.05,N0.11,N0.16,N0.22,N0.30,L0.05,L0.11,L0.16,L0.22,L0.30,U0.05,U0.11,U0.16,U0.22,U0.30
34hpp_c,,0.186145071694226,0.149284006454132,0.0758129420433159,0.0438211728307624,-0.13879950153655898,0.223705491321434,0.0837995544483953,0.0195635436423535,0.21251326982333898,-0.563013610750125,2.7541601974059597,1.4192768908274298,2.29158584441165,2.29889814946571,2.0563897487522302,2.01408445813844,1.60935947832095,0.613220438885512,0.00204819146612383,-0.213485155877432,0.429088936139632,0.0849900639816799,0.0988698518361896,0.11429247340562401,0.0969813308889368
6pgc_c,8.89579386246668e-06,-0.206191558989276,2.55063532337797,3.6487103420657903,5.03790450839913,5.20148353453579,5.086230114783381,5.546989627163219,5.85116557482721,6.19484180158435,5.39921359393794,3.64657339361303,3.23978210640445,4.326667841105951,4.8697014383691295,4.5844699092072805,4.049032899945311,4.29566444644123,4.40416344135184,4.7582611394746115,5.002436583735769,3.4591809069031,3.63220423492056,4.43096786646263,4.69079975585454,4.70593489751258
accoa_c,1.3820378876278e-05,-0.0594447817043797,0.607065664826759,0.8157478618320921,1.0118160819897801,0.7722380659005491,0.611873294198907,0.7324038966257049,0.846778813622107,0.869109580590198,0.6818195731882221,-0.0697270521184118,0.32250468741921196,0.38669659961209796,0.457818795292073,0.22958455950148102,1.7011563890149501,1.5900864548278502,1.3714253431977401,1.22458830708847,0.9773408818991279,1.2113169769475098,0.969404928754747,1.21494549207449,1.0382627428370002,0.7777354423908309
accoa_m,1.3820378876278e-05,-0.0594447817043797,0.607065664826759,0.8157478618320921,1.0118160819897801,0.7722380659005491,0.611873294198907,0.7324038966257049,0.846778813622107,0.869109580590198,0.6818195731882221,-0.0697270521184118,0.32250468741921196,0.38669659961209796,0.457818795292073,0.22958455950148102,1.7011563890149501,1.5900864548278502,1.3714253431977401,1.22458830708847,0.9773408818991279,1.2113169769475098,0.969404928754747,1.21494549207449,1.0382627428370002,0.7777354423908309
acglu_m,,-0.14134846842218698,0.479105282035253,0.533575377853965,0.31438402261230497,0.115159857251544,0.7189124671772851,0.9037735596708959,1.05791942808477,0.7533418161279529,1.0252863427791998,-3.28669293751198,-1.93034945008159,-2.4561788801636,-2.05367304153072,-2.0065406770001797,-1.57016693430957,-1.5508629446761901,-0.570209133643771,-0.141057842886225,-0.28083142792479904,-3.6102099044381704,-3.3409788029261698,-3.06484060716739,-2.6784007164188197,-2.20916156680962
adp_c,5.5004098665129104e-05,-0.0411101671639728,0.32719498762350896,0.5318835536912639,0.8234305847488409,0.861530160543067,0.823999221141022,0.8846867887986941,0.896936631353424,0.925981033746118,0.769721462499411,0.6290708615529841,0.7655559410390881,0.647786743877354,0.607149965800714,0.47274544844476496,1.0403396869236,1.11663077895931,1.19139134553903,1.2177709268866101,1.2416675236710801,0.0732136104931277,-0.009768294301715809,0.168438813920171,0.18171974466882898,0.19320126511716101
adp_m,5.5004098665129104e-05,-0.0411101671639728,0.32719498762350896,0.5318835536912639,0.8234305847488409,0.861530160543067,0.823999221141022,0.8846867887986941,0.896936631353424,0.925981033746118,0.769721462499411,0.6290708615529841,0.7655559410390881,0.647786743877354,0.607149965800714,0.47274544844476496,1.0403396869236,1.11663077895931,1.19139134553903,1.2177709268866101,1.2416675236710801,0.0732136104931277,-0.009768294301715809,0.168438813920171,0.18171974466882898,0.19320126511716101
akg_c,0.000960507065796625,0.22790058588501502,0.273252614769875,0.0379893422205078,-0.5012198321975129,-0.989264695998875,-0.551621060018213,-0.35451581925145,-0.30573907487462604,-0.603651622369744,-1.2861184941852,1.7353679988672799,1.20844045347492,1.5031878757725599,0.9566887485373851,0.301646035496978,1.03964334157692,0.0482643627443275,-1.21276295601753,-2.05217000415503,-2.45591142506579,-2.67869298869655,-3.11836168592385,-2.9868017860587504,-2.8945488086668902,-2.77745224490273
akg_m,0.000960507065796625,0.22790058588501502,0.273252614769875,0.0379893422205078,-0.5012198321975129,-0.989264695998875,-0.551621060018213,-0.35451581925145,-0.30573907487462604,-0.603651622369744,-1.2861184941852,1.7353679988672799,1.20844045347492,1.5031878757725599,0.9566887485373851,0.301646035496978,1.03964334157692,0.0482643627443275,-1.21276295601753,-2.05217000415503,-2.45591142506579,-2.67869298869655,-3.11836168592385,-2.9868017860587504,-2.8945488086668902,-2.77745224490273
ala__L_c,0.0544327111459664,0.0351774780477897,0.00159539630395802,-0.0739538095768884,0.0013779071755809801,-0.42769097559827796,-0.9180587381992379,-1.37128118158496,-1.4020115668854698,-0.8236151371520729,-1.13487662605107,-1.37492226923697,-1.73272804255825,-0.9967313167716271,0.103855173979384,0.261024480003723,2.21232873164241,2.36201274980399,2.1780400630613603,1.8224043673371002,1.20457238500085,1.26563949375676,0.8301774816814279,0.843034055175789,0.6979241386262479,0.489358647843593
ala__L_m,0.0544327111459664,0.0351774780477897,0.00159539630395802,-0.0739538095768884,0.0013779071755809801,-0.42769097559827796,-0.9180587381992379,-1.37128118158496,-1.4020115668854698,-0.8236151371520729,-1.13487662605107,-1.37492226923697,-1.73272804255825,-0.9967313167716271,0.103855173979384,0.261024480003723,2.21232873164241,2.36201274980399,2.1780400630613603,1.8224043673371002,1.20457238500085,1.26563949375676,0.8301774816814279,0.843034055175789,0.6979241386262479,0.489358647843593
amp_c,1.4988345758910199e-05,0.0592437862401291,-0.0920462278755257,-0.221613444968985,-0.537429213008642,-0.820293229010765,0.401123828413505,0.158512788604279,0.0304572734790564,0.0416405221761882,-0.795008539871889,-0.0459772387868453,-0.496955125327895,-0.308767058708732,-0.43399644808147403,-0.575187334214315,0.443735656699436,0.18478124561908602,-0.11523157634417301,-0.38009156071262395,-0.6173753410991739,-0.0206128181431604,-0.33457200487423605,-0.418703582719997,-0.6439571180230439,-0.7947884321265881
amp_m,1.4988345758910199e-05,0.0592437862401291,-0.0920462278755257,-0.221613444968985,-0.537429213008642,-0.820293229010765,0.401123828413505,0.158512788604279,0.0304572734790564,0.0416405221761882,-0.795008539871889,-0.0459772387868453,-0.496955125327895,-0.308767058708732,-0.43399644808147403,-0.575187334214315,0.443735656699436,0.18478124561908602,-0.11523157634417301,-0.38009156071262395,-0.6173753410991739,-0.0206128181431604,-0.33457200487423605,-0.418703582719997,-0.6439571180230439,-0.7947884321265881
arg__L_c,0.0309991946495851,-0.0102654600971495,0.231185812393132,-0.0237179369673385,-0.230325398710841,-1.0227961146677902,-3.57940214807383,-3.6907311665297997,-3.34341147857083,-2.8462053392064797,-1.7437293361847401,-5.035600275028321,-4.027535840616141,-3.2589663944892595,-1.32960640592375,-1.00366168746946,1.13867740051007,1.15686774799623,1.06356281975397,0.69047886665078,-0.36447727390874995,0.108631682140748,-0.110777884504211,0.031370097214727,0.138067324866694,0.00611663323109303
asn__L_c,0.00175423765072457,-0.139910651163128,-0.191947972830838,-0.388580152695668,-0.78431249691368,-1.1564544612141399,-0.45867841540632703,-0.8859805257270581,-0.8887718621517529,-0.6750293862010689,-0.549403222842059,-5.432525612223309,-4.6092966519128,-4.551877591239901,-3.2930366602937204,-2.7278951000591998,-1.68181836802663,-1.28286352007726,-0.123140034528438,0.30938247350692893,-0.119088086112905,-1.05490588057226,-0.922906519556934,-1.0223831719935301,-0.978252073148717,-0.86574344818484
asp__L_c,0.0342016180192328,0.0181393401631926,0.249743047801321,0.284719949318007,0.541776168742388,0.51778175577977,-1.33592099544797,-1.2235744628663798,-1.04196870514342,-0.766332950192074,-0.0316699481315767,-0.388820224098659,-0.30422316497016,0.144732809284949,0.9143800836057159,1.06390743622639,0.6194110404613571,0.7519634175298899,0.6861665013300591,0.6202787341661911,0.473637325221959,-0.0381554700976479,0.0789499770358709,0.19562043542799598,0.48779784858823605,0.640043324472905
atp_c,0.000183361590816802,-0.10919646803238,0.5285909701805961,0.8726848431034521,1.33822892951753,1.48256713801924,2.42649234709086,2.4907937837920002,2.5269316230921,2.47294920609811,2.28299919412927,1.25743606027707,1.48829594845875,1.4329602613427401,1.4485436547222799,1.41053013835626,1.66013353205764,1.85767109012412,2.1335978837631697,2.31466944739756,2.39827608035899,0.9833790333080921,0.9913821218676802,1.31278102150797,1.3813304954116499,1.42487623082607
atp_m,0.000183361590816802,-0.10919646803238,0.5285909701805961,0.8726848431034521,1.33822892951753,1.48256713801924,2.42649234709086,2.4907937837920002,2.5269316230921,2.47294920609811,2.28299919412927,1.25743606027707,1.48829594845875,1.4329602613427401,1.4485436547222799,1.41053013835626,1.66013353205764,1.85767109012412,2.1335978837631697,2.31466944739756,2.39827608035899,0.9833790333080921,0.9913821218676802,1.31278102150797,1.3813304954116499,1.42487623082607
cbp_c,,-0.00256908102917489,-0.0177442210335676,-0.0321463731238928,-0.0442308797633932,-0.037846631068205,0.0877851078209142,0.0720464549717941,0.0807000307402111,0.0799599598433661,0.127639384748958,-0.0110790372905586,-0.0336287420198257,0.0403444182328437,0.109234950663964,0.16471496379444198,-0.0105512666281428,0.00447581458054392,0.0164680739699247,0.0296583447889148,0.020419449917309,0.199939015812484,0.23153687022143,0.228610306757157,0.247197202115487,0.254135662945613
citr__L_c,0.00023299427347651803,-0.227950265771591,0.7067791398190841,0.6581784756071669,0.7728364300467301,0.512063189702435,1.22716839126971,1.33072390574639,1.9911309779911,1.9233758902732598,4.3495766297157,-4.36771682206139,-2.39712684509194,-1.30345067447846,1.67488127217219,2.83962589488507,1.0828739151645501,1.5942189680618,2.8502633287712205,3.3079135542411,2.46572681400732,-0.860064777421627,-0.0707719513203393,0.703929301813868,1.97329614649348,2.90120531118749
cit_c,0.007371821,0.24817356427529896,0.334923990148574,0.37294667151567695,0.317880771135484,0.0609374679011568,-2.73685672741341,-2.56738682162916,-2.77404147587871,-2.50525452452627,-3.8170969250169597,1.00465760046952,0.13945862721339902,-0.360595701255744,-1.2711208892114598,-2.32147427655894,-0.358183825494235,-0.9432313129780009,-1.6519315682151001,-2.2142374823222,-2.12402989497641,-5.74742037535594,-6.31235897303901,-6.421584504699429,-6.44059086363622,-6.215741547531019
cit_m,0.007371821,0.24817356427529896,0.334923990148574,0.37294667151567695,0.317880771135484,0.0609374679011568,-2.73685672741341,-2.56738682162916,-2.77404147587871,-2.50525452452627,-3.8170969250169597,1.00465760046952,0.13945862721339902,-0.360595701255744,-1.2711208892114598,-2.32147427655894,-0.358183825494235,-0.9432313129780009,-1.6519315682151001,-2.2142374823222,-2.12402989497641,-5.74742037535594,-6.31235897303901,-6.421584504699429,-6.44059086363622,-6.215741547531019
cyst__L_c,,0.0441971529141804,-0.48169494741979496,-0.951020696591566,-1.6850273059603798,-2.43563470397708,-2.01629892166375,-2.42594693915716,-2.43595061081336,-2.34766626491778,-2.3927401940503197,-4.3865609082212105,-3.7170600742007296,-3.6899940960595603,-2.80556076406663,-2.69137724399531,-0.0186219351373325,-0.23167383368578304,-0.158185068451682,-0.540054682210428,-1.42637681378396,-2.24536504761625,-2.6732651786210804,-2.72734729156451,-2.7983100461451804,-2.80180545730318
dhap_c,0.000102920331538143,-0.10514573579121901,0.956670912196841,1.5526045951849698,2.7425090292778997,3.1837766813962,-0.0879237691551327,0.436335325153386,0.744095045671192,1.0578952127357701,2.23654862084789,1.83698034807871,2.34532436185883,2.41584456321902,2.91379243322739,2.88795686128844,2.10253416165101,2.60611219974031,2.7704940476326,3.0078417855604602,3.30738992733785,1.17005599157894,1.45664550338231,1.9180921039627798,2.33015322753442,2.5053522777968595
e4p_c,,0.0417990617323289,-0.556652257312074,-0.6683563710946171,-0.7540842053054,-0.894968859891593,0.758610985532114,0.199379401901522,-0.10018911228720699,0.0895108254078636,-0.887590459373914,0.28625457807476395,-0.275997420907601,-0.30965914431412395,-0.33796120952795805,-0.348331264984356,1.48173747639166,1.57782230895983,1.5345941935253502,1.29327157870022,1.05676307603402,0.5202017848198479,0.0255078850185388,-0.0906435894335518,-0.4154277223991761,-0.598038848764556
f6p_c,,-0.17448581686456402,1.05585281523452,1.63950070882611,2.45019697254319,2.7635645521264904,2.44056668559747,3.0762904271035802,3.3814203268211402,3.03285001557032,3.75947310431647,2.15516372197414,3.3031024063718397,2.85651032133151,2.58157762245846,2.34125307144021,2.13999598995047,2.258402145124,2.4250831927642302,2.66685746425159,2.9001211822488497,0.897802617807717,1.1014666324286297,1.74946685045196,2.02379482660979,2.13893560483007
fdp_c,1.94562543285719e-05,-0.248382263578103,1.6105151451232902,2.7684053599193903,5.00040099363333,5.89878014905028,1.80148035240538,2.87839404362979,3.4520045900598504,3.52289172655193,5.766163668251281,5.1386331709203,6.696890270560679,6.258137093140581,6.4516961718839205,6.235992200456709,5.531255662436349,6.306460762940951,6.379899452397259,6.67659281829242,7.193860781046669,3.36223878987904,3.70249516766817,4.798706381625741,5.39819663169669,5.55421198043597
fum_c,0.00011860257364691999,0.141186378315662,0.295801843530692,0.304349277657266,0.455530564298329,0.4784293511024871,-0.123846680051702,0.141843818893724,0.28476420329302804,0.22086582753733103,0.465971808683687,3.02556307494287,2.47805221525899,3.00847897637501,2.93105004923778,2.69779813168581,1.74606571734386,1.36458109731269,0.457434889176969,-0.0259434066815173,-0.0952679893678722,-0.182143971517864,-0.242543042277737,-0.030871152167432997,0.272792261652278,0.451150256039336
fum_m,0.00011860257364691999,0.141186378315662,0.295801843530692,0.304349277657266,0.455530564298329,0.4784293511024871,-0.123846680051702,0.141843818893724,0.28476420329302804,0.22086582753733103,0.465971808683687,3.02556307494287,2.47805221525899,3.00847897637501,2.93105004923778,2.69779813168581,1.74606571734386,1.36458109731269,0.457434889176969,-0.0259434066815173,-0.0952679893678722,-0.182143971517864,-0.242543042277737,-0.030871152167432997,0.272792261652278,0.451150256039336
g3p_c,,-0.100983942660465,0.979224170882335,1.58248620264222,2.7211944363410896,3.00610908552262,0.0874551209050826,0.508166180639548,0.7568104590948841,1.11590614808258,1.85042216943003,1.84667879449433,2.2396917809343,2.3262943269315097,2.6791076659032003,2.52267165757507,2.77658523101565,3.1856058897838904,3.1363078721107995,3.22214324538938,3.39033415078421,2.0504240910949902,2.09077652240066,2.52472700604285,2.6705410210565,2.59204992365125
g6p_c,0.000127953127615113,-0.17448581686456402,1.05585281523452,1.63950070882611,2.45019697254319,2.7635645521264904,2.44056668559747,3.0762904271035802,3.3814203268211402,3.03285001557032,3.75947310431647,2.15516372197414,3.3031024063718397,2.85651032133151,2.58157762245846,2.34125307144021,2.13999598995047,2.258402145124,2.4250831927642302,2.66685746425159,2.9001211822488497,0.897802617807717,1.1014666324286297,1.74946685045196,2.02379482660979,2.13893560483007
gln__L_c,0.00835257040942352,0.0284409415773018,0.127787320038142,-0.165891674780273,-0.580849246325355,-1.08408214784835,-1.6386417581633501,-2.0143539531677197,-1.9211408020900003,-1.42302883210058,-1.29595741062144,-4.35064672192447,-4.4841611585276295,-3.4757887605784905,-1.6427953146436203,-1.11954932196505,-1.2615730693801799,-1.1259785510488,-0.547043761042681,-0.469292013461505,-1.04578807656956,-2.42876970309739,-2.25739855825127,-2.3356699859978,-1.8825223726497702,-1.4387682395057197
gln__L_m,0.00835257040942352,0.0284409415773018,0.127787320038142,-0.165891674780273,-0.580849246325355,-1.08408214784835,-1.6386417581633501,-2.0143539531677197,-1.9211408020900003,-1.42302883210058,-1.29595741062144,-4.35064672192447,-4.4841611585276295,-3.4757887605784905,-1.6427953146436203,-1.11954932196505,-1.2615730693801799,-1.1259785510488,-0.547043761042681,-0.469292013461505,-1.04578807656956,-2.42876970309739,-2.25739855825127,-2.3356699859978,-1.8825223726497702,-1.4387682395057197
glu__L_c,0.0816147995034196,0.028453531275860998,0.145445725919243,0.00957911746483017,-0.34218058773303905,-0.6094491224994371,1.06150541664357,0.9147000161286999,0.9224102189469751,0.819112135787684,0.39322137411113106,-0.5271834354270251,-0.714354142898527,-0.28726053055971,0.0709015198211884,0.139728156107687,0.0586447481887209,-0.173955670088314,-0.161476172408861,-0.26006749005748997,-0.542745524641839,-1.13318856491007,-1.15326711971849,-1.07004622806893,-0.8856767270460569,-0.664767634794947
glu__L_m,0.0816147995034196,0.028453531275860998,0.145445725919243,0.00957911746483017,-0.34218058773303905,-0.6094491224994371,1.06150541664357,0.9147000161286999,0.9224102189469751,0.819112135787684,0.39322137411113106,-0.5271834354270251,-0.714354142898527,-0.28726053055971,0.0709015198211884,0.139728156107687,0.0586447481887209,-0.173955670088314,-0.161476172408861,-0.26006749005748997,-0.542745524641839,-1.13318856491007,-1.15326711971849,-1.07004622806893,-0.8856767270460569,-0.664767634794947
gly_c,0.0126427014886804,0.0369382616304251,0.121343488839275,0.0028347905134932802,-0.0212443536022567,-0.17774689775689498,-0.142568233187046,-0.275650738683598,-0.144444501673798,0.0538294736432376,0.4606833443420821,-0.6199608891463779,-0.7909950059885308,0.0125753413397726,1.12253137952481,1.46467597934899,0.7459978577781479,0.806899721032355,0.8565962537724761,0.754573517840718,0.404479543841133,-0.5711072533663111,-0.45070848861127505,-0.308037129279333,0.134650064799855,0.48423845790489206
gly_m,0.0126427014886804,0.0369382616304251,0.121343488839275,0.0028347905134932802,-0.0212443536022567,-0.17774689775689498,-0.142568233187046,-0.275650738683598,-0.144444501673798,0.0538294736432376,0.4606833443420821,-0.6199608891463779,-0.7909950059885308,0.0125753413397726,1.12253137952481,1.46467597934899,0.7459978577781479,0.806899721032355,0.8565962537724761,0.754573517840718,0.404479543841133,-0.5711072533663111,-0.45070848861127505,-0.308037129279333,0.134650064799855,0.48423845790489206
his__L_c,0.005256196369185321,-0.0234987937030851,0.0315128859700846,-0.24767527531890002,-0.426489930706176,-1.10199318576855,-2.78331929871203,-2.90038585073346,-2.55750417727308,-2.2587771302609903,-0.9138615162255269,-4.52078570947999,-3.22049822320397,-2.7024431171288503,-0.8054871084103531,-0.411726533877413,1.54950112403806,1.62328566357511,1.7074865812838997,1.36157594594444,0.307661615701449,-0.7510377834436479,-0.927766711643105,-0.648240820685893,-0.34080767221555897,-0.24039844558484902
histd_c,,-0.0240658511447411,0.0805118286045822,0.201269521850788,0.8531969232102791,0.9787820480112909,-2.39604117294401,-2.57434341376995,-2.4717315877814303,-1.6091505412215301,-0.679478471744781,-1.62134333733044,-1.79536183858754,-1.12408604633338,0.447990671528679,0.9542588457138829,0.5696974968473929,1.32305259717145,1.8135120314933402,2.01721071956056,1.93904946693522,0.735169069365728,0.932148490114775,0.9000204039502678,1.20684205619079,1.3654927458440602
hom__L_c,,-0.0314973834330021,0.38114682380011894,0.41649455127006896,0.419806411791738,0.0975800362524883,-0.18580106474976,-0.0988600839390809,0.0608212857468834,0.0536905880575327,0.248339079087871,-1.00943965642759,-0.41523400033491603,-0.306210492762075,0.0869758378475076,-0.00404015289076192,1.28591162214721,1.1475592534873702,0.991317587798395,0.7913900635894581,0.3863145933399221,0.11889258743029901,-0.0648054722183465,0.17207249950501402,0.174616954483992,0.0887253285806338
icit_c,,0.122927236076426,-0.0477509364113676,-0.0462330608308454,-0.431255506463261,-0.5375135750433561,0.30327733635310306,0.233915794008689,-0.163192627097019,-0.330618884719819,-2.28596162867712,0.916400057516478,0.162946059176207,-0.7244800994945151,-2.2679885294770497,-3.1004908753956,-1.51869317892436,-2.01778810326763,-2.18884630733828,-2.34072369738693,-2.02048581837501,-4.09929163694341,-4.535928877811469,-4.77990200892804,-5.11928482492438,-5.08349935901221
icit_m,,0.122927236076426,-0.0477509364113676,-0.0462330608308454,-0.431255506463261,-0.5375135750433561,0.30327733635310306,0.233915794008689,-0.163192627097019,-0.330618884719819,-2.28596162867712,0.916400057516478,0.162946059176207,-0.7244800994945151,-2.2679885294770497,-3.1004908753956,-1.51869317892436,-2.01778810326763,-2.18884630733828,-2.34072369738693,-2.02048581837501,-4.09929163694341,-4.535928877811469,-4.77990200892804,-5.11928482492438,-5.08349935901221
ile__L_c,0.0017887564386325602,0.0331843677160972,-0.047661315864595995,-0.027096334146841,0.32868893005022803,0.26712823712256,-1.79238224170769,-2.2774555850050096,-2.39364705029273,-1.4766888973440302,-1.63086080331872,-1.89352943608597,-2.64098691890639,-1.96335525015748,-0.5533963406683989,-0.19151234748704002,0.25607765228268103,0.863735132136247,1.40868078562159,1.5213468378181698,1.3619381378722701,-0.8029399760538499,-0.844660786555796,-1.00345163780276,-0.806707425644539,-0.582872109945538
leu__L_c,0.0017887564386325602,0.0331843677160972,-0.047661315864595995,-0.027096334146841,0.32868893005022803,0.26712823712256,-1.79238224170769,-2.2774555850050096,-2.39364705029273,-1.4766888973440302,-1.63086080331872,-1.89352943608597,-2.64098691890639,-1.96335525015748,-0.5533963406683989,-0.19151234748704002,0.25607765228268103,0.863735132136247,1.40868078562159,1.5213468378181698,1.3619381378722701,-0.8029399760538499,-0.844660786555796,-1.00345163780276,-0.806707425644539,-0.582872109945538
lys__L_c,0.000133961624165816,0.0224634343736304,-0.16638189820523902,-0.4878432595026261,-0.8809096288999381,-1.63438785389238,-2.5004425962398504,-2.77369715954585,-2.64865128625961,-2.39311552552516,-2.01274157870745,-4.09474292886292,-3.2347350884829,-3.0208596815328503,-1.8242820015182,-1.7238322360754,1.21433314947196,1.09834943019073,1.0035199837912099,0.541667708029564,-0.432161312725443,-1.11228230684456,-1.57186352530203,-1.47579619171323,-1.5180542026712298,-1.6198086556076399
mal__L_c,0.00376498963301021,0.129968257271971,0.23663965766179,0.259777237956216,0.26276190924578496,0.190917736850804,-0.0834092459098113,-0.20190439739142,-0.33281667177324,-0.0441278385836135,-1.0051205823070402,1.54526379599814,0.2831208053671189,0.8460001776799481,0.726645175398296,0.48637873320117,0.264312036686691,0.0539458163283509,-0.4212537963844629,-0.661995517457513,-0.593451858430976,-0.40363846319139707,-0.5720402758267359,-0.7074816067232959,-0.7479516564235009,-0.735865259659944
met__L_c,0.000287630200706247,0.0712517350785893,0.17322065863627098,0.0874753107979843,0.206796190994537,0.0262742348928282,-2.8492072498653704,-3.15306212940596,-3.1291559266044,-2.23040350677346,-2.0722088072854,-2.7802029742725,-3.54350699750933,-2.5309539802547003,-0.8823971090209549,-0.4806664083622679,-1.029445053358,-0.6253938544175061,-0.19787851121968203,-0.0854496410666627,-0.28153344541419295,-1.6710841428780099,-1.49318098513224,-1.70351833624477,-1.32216933120348,-0.97298465917963
nadh_c,1.11472114325731e-05,-0.0675114182613459,0.47153110117082203,0.9494277320200041,2.2045986625472502,2.64323867543508,-1.50281423754877,-1.2901570113101102,-1.10366832166603,-0.42256326003345707,0.826673685511194,0.8866605231498341,1.16574705162168,1.2673015882816898,2.23112883333069,2.3882637887233398,2.21652420871024,3.0172723834764703,3.36766439845163,3.56332500125512,3.7577139942676,0.801944551324511,0.961795474234162,1.26180588638169,1.65707607223469,1.8598921180205301
nadh_m,1.11472114325731e-05,-0.0675114182613459,0.47153110117082203,0.9494277320200041,2.2045986625472502,2.64323867543508,-1.50281423754877,-1.2901570113101102,-1.10366832166603,-0.42256326003345707,0.826673685511194,0.8866605231498341,1.16574705162168,1.2673015882816898,2.23112883333069,2.3882637887233398,2.21652420871024,3.0172723834764703,3.36766439845163,3.56332500125512,3.7577139942676,0.801944551324511,0.961795474234162,1.26180588638169,1.65707607223469,1.8598921180205301
nadp_c,2.42648001812638e-07,-0.0863704945602956,0.9217429073721999,1.24531776748441,1.56232162970502,1.44782002430167,2.15287156417827,2.40266268167137,2.59034754517556,2.43854400932868,2.31576912097669,1.01759303835856,1.43416949119185,1.62453927406418,1.7223631150542,1.5272448296036003,2.0428543162118102,1.91222572025927,1.80544871357976,1.7691867959637901,1.61838583974987,0.868107003123792,0.812439277403257,1.25962910920431,1.3578172588709598,1.35103015919875
nadp_m,2.42648001812638e-07,-0.0863704945602956,0.9217429073721999,1.24531776748441,1.56232162970502,1.44782002430167,2.15287156417827,2.40266268167137,2.59034754517556,2.43854400932868,2.31576912097669,1.01759303835856,1.43416949119185,1.62453927406418,1.7223631150542,1.5272448296036003,2.0428543162118102,1.91222572025927,1.80544871357976,1.7691867959637901,1.61838583974987,0.868107003123792,0.812439277403257,1.25962910920431,1.3578172588709598,1.35103015919875
nad_c,0.000306328471031703,-0.0416129657307819,0.244031720546292,0.357947266902837,0.466637477509709,0.425725898651902,1.93523982859464,1.84012544955051,1.8318744628182302,1.76868232244376,1.39834508126017,0.824336279760805,0.7619848747153058,0.9562625608179909,1.05429473767361,1.06945790951658,1.3815230355088601,1.3882351485354298,1.4152673404213798,1.39765156196424,1.28753860854132,0.876920073352523,0.7861646151699001,0.973687847905185,0.9791110594630259,0.9766124119055051
nad_m,0.000306328471031703,-0.0416129657307819,0.244031720546292,0.357947266902837,0.466637477509709,0.425725898651902,1.93523982859464,1.84012544955051,1.8318744628182302,1.76868232244376,1.39834508126017,0.824336279760805,0.7619848747153058,0.9562625608179909,1.05429473767361,1.06945790951658,1.3815230355088601,1.3882351485354298,1.4152673404213798,1.39765156196424,1.28753860854132,0.876920073352523,0.7861646151699001,0.973687847905185,0.9791110594630259,0.9766124119055051
orn_c,0.0005961613650020981,-0.136784335598372,0.5243688427380321,0.468069323928359,0.41921654818067894,-0.28428315603357,-1.373438212365,-1.08784417399028,-0.562856980451053,-0.728791763264616,0.89994303117791,-3.9358466431756605,-1.5826718809447802,-1.590072253273,-0.263180470648263,-0.148769302007204,2.5898548137482202,2.45642229606712,2.40357017495761,2.06018941608143,0.982434447264255,0.28619077337449106,0.0621060569581724,0.679199277990535,0.8569839358269659,0.7451005767413109
orn_m,0.0005961613650020981,-0.136784335598372,0.5243688427380321,0.468069323928359,0.41921654818067894,-0.28428315603357,-1.373438212365,-1.08784417399028,-0.562856980451053,-0.728791763264616,0.89994303117791,-3.9358466431756605,-1.5826718809447802,-1.590072253273,-0.263180470648263,-0.148769302007204,2.5898548137482202,2.45642229606712,2.40357017495761,2.06018941608143,0.982434447264255,0.28619077337449106,0.0621060569581724,0.679199277990535,0.8569839358269659,0.7451005767413109
pep_c,,-0.0777380578232428,0.514019703336302,0.8698921504203171,1.25436047064879,1.6802406246369197,5.522300059161281,5.88354903702048,5.97013661158631,5.13771114503159,5.0027497535471905,5.28218612286358,5.52265190934026,5.26234543879547,4.2967279316336695,4.0764744672388,2.7567001856626,2.52111087436707,2.3073577151826603,2.32164729977914,2.6078975289648,1.00223745440649,1.1194855138128799,1.74479270600349,2.05985679892941,2.34220981114179
phe__L_c,0.0015150243322470099,0.12329297040959598,-0.309012504231957,-0.5670955870248411,-0.6700199315659631,-1.14672345725351,-2.10820294830441,-2.71614636190974,-2.8337329439210897,-2.10793454759465,-2.4877386960395698,-2.0697437745114398,-2.7359655026625602,-1.96791068856631,-0.61138010293371,-0.414600910561845,1.41781241720184,1.5690716244131397,1.4980932954890702,1.0729607568195,0.402615227115385,-1.20495832181547,-1.64925275825259,-1.75623547118535,-1.68331689808249,-1.5795031921309
pi_c,0.0019306723933874101,0.0,0.269482283425493,0.408887590280594,0.5828846456370921,0.68912327834458,1.67057942681824,1.6741932958617198,1.69808129260709,1.6150544732204,1.58136403249827,0.6964514995924901,0.79082630828807,0.853259818333795,0.9094799897899741,1.0058709907799102,0.6878801460024461,0.8091266120332199,1.01029283909255,1.16498482137936,1.22469485755631,0.978251723683371,1.0692367170378,1.2124285084562099,1.26769705161123,1.2997612665773202
pi_e,0.0019306723933874101,0.0,0.269482283425493,0.408887590280594,0.5828846456370921,0.68912327834458,1.67057942681824,1.6741932958617198,1.69808129260709,1.6150544732204,1.58136403249827,0.6964514995924901,0.79082630828807,0.853259818333795,0.9094799897899741,1.0058709907799102,0.6878801460024461,0.8091266120332199,1.01029283909255,1.16498482137936,1.22469485755631,0.978251723683371,1.0692367170378,1.2124285084562099,1.26769705161123,1.2997612665773202
pi_m,0.0019306723933874101,0.0,0.269482283425493,0.408887590280594,0.5828846456370921,0.68912327834458,1.67057942681824,1.6741932958617198,1.69808129260709,1.6150544732204,1.58136403249827,0.6964514995924901,0.79082630828807,0.853259818333795,0.9094799897899741,1.0058709907799102,0.6878801460024461,0.8091266120332199,1.01029283909255,1.16498482137936,1.22469485755631,0.978251723683371,1.0692367170378,1.2124285084562099,1.26769705161123,1.2997612665773202
pphn_c,,0.0241498794339892,0.0660156795829055,0.0687443035576881,0.178902126638261,-0.15016740143777801,-0.29952180201796397,-0.5149643793539579,-0.525426930695295,-0.282246907011922,-0.5368886141843321,-0.343737096985767,-0.28375490370423806,-0.0988656474338383,0.36050486185601005,0.25044474012123896,2.3878224632156,2.3686514904697797,2.0937837365663,1.70797117973999,1.2210440159814098,0.361027523021345,-0.10495579063535601,0.0537093952990974,-0.0671135038971098,-0.215540923174311
pro__L_c,0.0011813755804555301,0.0472627877560728,0.126579105795525,0.0437726311021657,-0.20421308686946102,-0.592413141908429,1.65735205039362,1.12354091868168,0.938277241768109,1.1848889978593,-0.161097061501075,-0.355729727065047,-1.23191488559765,-0.5221629337007451,0.0360989212811702,0.0816545402288804,1.1776413831531,1.08016079270452,1.09818524843021,0.9006915489400491,0.49472080161359794,-0.361207420159878,-0.6957498071611391,-0.6928572296490251,-0.738267716611059,-0.673488131401603
pyr_e,0.0040605091832718295,0.00587399346512964,0.177271254030458,0.315752655259039,0.718787424097307,0.6804017179618679,-1.1612607998397,-1.01264116184046,-0.8986054002761971,-0.7090840260846031,-0.23951857728100304,0.604896193968725,0.8990266706966321,0.866698213427729,0.989146575909948,0.8211130094771899,1.9463824775114,1.99706712725007,1.58496921167356,1.31257160276534,1.1529457252514,1.20853934819525,0.970394379261544,1.13036236627507,1.03431921727275,0.8097401051130021
pyr_m,0.0040605091832718295,0.00587399346512964,0.177271254030458,0.315752655259039,0.718787424097307,0.6804017179618679,-1.1612607998397,-1.01264116184046,-0.8986054002761971,-0.7090840260846031,-0.23951857728100304,0.604896193968725,0.8990266706966321,0.866698213427729,0.989146575909948,0.8211130094771899,1.9463824775114,1.99706712725007,1.58496921167356,1.31257160276534,1.1529457252514,1.20853934819525,0.970394379261544,1.13036236627507,1.03431921727275,0.8097401051130021
ru5p__D_c,7.882959714208591e-06,-0.176735026490387,1.63070397140853,2.5043080578003902,3.9033406939269195,4.3911017825547995,3.0550474672029306,3.5533315427279706,3.8542008950424504,4.11376004508922,4.52740946044975,3.3339025736864,3.42532901592575,3.92878064477192,4.429376307670889,4.39368927316775,3.1027640750425696,3.61263479582818,3.90883798786703,4.32186804004342,4.72110757164176,2.4830583120344,2.8397803236944004,3.5040372766057404,3.9493221333041095,4.152110839971701
s7p_c,1.35249675660251e-05,-0.174477001397741,1.4117203123837598,2.12848569165538,2.9805264208284505,3.24601682884609,5.53225720344405,5.7046625627145895,5.78880622690994,5.69901779478377,4.89524620636764,3.3524545068014504,3.18109708889283,3.5663978939348002,3.5949197802695094,3.4737960318946097,2.9452389979291804,3.15549358235489,3.52561898716082,3.88174608752985,4.135425519241751,1.85978274160323,1.9906485759285302,2.61202907198917,2.85336115488819,3.0380110298000496
ser__L_c,0.00588880254794825,0.0169816293991744,0.129300223504577,-0.0801313431970874,-0.29345593131876396,-0.637116395874194,-1.37088939207319,-1.55258820066425,-1.3940594448743897,-1.07083779515055,-0.541127371787692,-3.0878871941530095,-2.91052458637097,-2.17112616221778,-0.639127820199785,-0.21031309050389896,-0.47471943565082,-0.35253855276472906,0.0628228221440846,0.0835162008897535,-0.40496481476458507,-2.05856676781813,-1.88161297233255,-1.8147941065485302,-1.31330330354722,-0.869876498024208
succ_c,0.00086001255218134,-0.0039389985677569204,-0.61984211745741,-0.5498127140793321,-0.125860385468334,0.579098491299319,-0.548467188806916,-0.7326857511760729,-0.945727126824888,-0.576817423090208,-0.30641541763487795,0.996019444216519,0.165845436702349,0.0821417355774548,0.0564713273520352,0.46999554463130494,-1.8392559612233201,-1.1363576485950801,-0.496476171986765,0.0470868089373834,0.7800183688423209,0.579221631742749,1.0230072880269598,0.643287927712505,0.747384758216129,0.924115463932691
succ_e,0.00086001255218134,-0.0039389985677569204,-0.61984211745741,-0.5498127140793321,-0.125860385468334,0.579098491299319,-0.548467188806916,-0.7326857511760729,-0.945727126824888,-0.576817423090208,-0.30641541763487795,0.996019444216519,0.165845436702349,0.0821417355774548,0.0564713273520352,0.46999554463130494,-1.8392559612233201,-1.1363576485950801,-0.496476171986765,0.0470868089373834,0.7800183688423209,0.579221631742749,1.0230072880269598,0.643287927712505,0.747384758216129,0.924115463932691
succ_m,0.00086001255218134,-0.0039389985677569204,-0.61984211745741,-0.5498127140793321,-0.125860385468334,0.579098491299319,-0.548467188806916,-0.7326857511760729,-0.945727126824888,-0.576817423090208,-0.30641541763487795,0.996019444216519,0.165845436702349,0.0821417355774548,0.0564713273520352,0.46999554463130494,-1.8392559612233201,-1.1363576485950801,-0.496476171986765,0.0470868089373834,0.7800183688423209,0.579221631742749,1.0230072880269598,0.643287927712505,0.747384758216129,0.924115463932691
thr__L_c,0.00150330675266295,0.0117668138709359,0.276834572513286,0.24605303407350398,0.38456886528880396,0.0958439123065136,-1.3186290887519099,-1.35301981722773,-1.15525834356971,-0.818413799357321,-0.221267464022693,-1.31829918330629,-1.08651354151767,-0.45967857089469893,0.6599736854867441,0.8401154459686859,1.44509050940037,1.52169599461199,1.39207825762703,1.1689501768593897,0.68563956046525,0.274000042173565,0.19514607694007002,0.37228204638453105,0.5844100131335489,0.638609684651478
thr__L_m,0.00150330675266295,0.0117668138709359,0.276834572513286,0.24605303407350398,0.38456886528880396,0.0958439123065136,-1.3186290887519099,-1.35301981722773,-1.15525834356971,-0.818413799357321,-0.221267464022693,-1.31829918330629,-1.08651354151767,-0.45967857089469893,0.6599736854867441,0.8401154459686859,1.44509050940037,1.52169599461199,1.39207825762703,1.1689501768593897,0.68563956046525,0.274000042173565,0.19514607694007002,0.37228204638453105,0.5844100131335489,0.638609684651478
trp__L_c,0.00013917066936773898,0.084144515959319,-0.312801361761414,-0.5337712969900461,-0.621369014096834,-1.13160219069159,-1.01920602093427,-1.7450947212219299,-1.9046444203959398,-1.22795040822054,-1.85884605343143,-1.9361769630448502,-2.5482466712457597,-1.79266329106394,-0.44066773282386995,-0.20989243218972697,2.1083244637663303,2.30316279509205,2.31217623210506,1.89943840792814,1.15287519318454,-0.426674955308283,-0.9655331587304279,-1.0115281672546401,-1.03779781001657,-1.01834607332026
tyr__L_c,0.00135402773695346,0.11993343186768199,-0.5107763198976479,-0.779589854456124,-0.8917894326359929,-1.6562299957621598,-1.3378252544900402,-2.34960791154646,-2.6502108792593,-1.7911857341432602,-3.00275498580733,-2.30414224117653,-3.01004931426274,-2.3769752260354102,-0.984443985901567,-0.9286428391769491,3.55036070790793,3.71878317250403,3.5563113250039704,2.83824836726996,1.77607070740255,-0.586734355242345,-1.6065162420750299,-1.65514067118469,-1.9352677030693701,-2.09701629732737
val__L_c,0.00652325405360397,0.0571151756774233,0.499409591596259,0.530647154158759,0.7392942223871791,0.403293869940086,-1.48177911768361,-1.7155134340144198,-1.63982209756282,-0.912230162377859,-1.04688641976745,-1.49621426723259,-2.0984948222446103,-1.05629827579813,0.35580541600162496,0.515315722376814,1.0461102889079,1.2167782985503,1.21693993127204,1.05418555585039,0.6416719947556949,-0.48374903829560495,-0.5898186339768579,-0.5490655827762629,-0.31110795718702505,-0.157834262858992
